finding,severity,target,remediation,tools_used,cvss,signature,novel
SQL Injection Authentication Bypass Yields Administrator JWT,critical,OWASP Juice Shop 14.5.1 on Node.js v18.14.0,Use parameterized ORM queries/prepared statements for authentication and return a generic 401 on failed login.,,9.8,"T1190, T1078",no
JWT RS256-to-HS256 algorithm confusion permits forged bearer tokens,critical,OWASP Juice Shop 14.5.1 B2B API JWT authentication:3000,"Pin accepted JWT algorithms to RS256 only, reject HMAC algorithms for RSA-keyed tokens, and keep verification keys out of web-accessible static paths unless intentionally published with strict algorithm binding.",,9.1,"T1190, T1552",no
SQL Injection Authentication Bypass Yields Administrator JWT,critical,OWASP Juice Shop 14.5.1 on Node.js v18.14.0,Replace string-concatenated login SQL with parameterized ORM queries and add regression tests for SQL metacharacters in credentials.,,9.8,"T1190, T1059",no
JWT alg=none Accepted for Privilege Escalation,critical,OWASP Juice Shop 14.5.1 JWT authentication:3000,"Pin JWT verification to RS256, explicitly reject alg=none, and fail closed on any JWT verification error.",,9.1,"T1606, T1550",no
FTP Download Allowlist Bypass Exposes Backup Artifacts,high,OWASP Juice Shop 14.5.1 static /ftp artifact handler:3000,"Canonicalize and decode filenames before validation, reject null bytes and backups, and store non-public artifacts outside the web root.",,7.5,"T1083, T1005",no
Unauthenticated Admin Application Configuration Disclosure,medium,OWASP Juice Shop 14.5.1 admin configuration API:3000,Require administrator authentication for admin configuration APIs and split public UI config from sensitive server configuration.,,5.3,T1082,no
Unauthenticated Prometheus Metrics Exposure,medium,OWASP Juice Shop 14.5.1 /metrics endpoint:3000,Protect /metrics with authentication or restrict it to a private monitoring interface/network.,,5.3,T1082,no
Password Recovery Security Question Enumeration,medium,OWASP Juice Shop 14.5.1 password recovery API:3000,"Do not expose per-user recovery questions pre-authentication; use generic responses, rate limiting, and stronger recovery factors.",,5.3,T1589,no
Verbose JSON Parser Error Disclosure,low,OWASP Juice Shop 14.5.1 Express JSON parser:3000,Return generic 400 responses for malformed JSON and disable verbose development error pages in production.,,3.7,T1592,no
Unauthenticated OpenAPI Schema Disclosure for Protected B2B API,low,OWASP Juice Shop 14.5.1 Swagger UI / B2B API:3000,Require authentication for internal API documentation or publish only a redacted public OpenAPI specification.,,3.7,T1592,no
JWT Verification Public Key Exposed Unauthenticated,low,OWASP Juice Shop 14.5.1 JWT key endpoint:3000,Remove JWT key files from public static paths and store key material in a secret manager or non-web-readable filesystem location.,,3.1,T1552,no
Unsigned alg=none JWTs accepted by protected B2B API,critical,OWASP Juice Shop 14.5.1 B2B API JWT authentication:3000,Disable alg=none support and enforce a fixed allowlist of expected JWT algorithms on every protected endpoint.,,9.1,T1190,no
JWT Algorithm Confusion Accepts Unsigned and HS256-Forged Administrator Tokens,critical,OWASP Juice Shop 14.5.1 JWT authentication on Node.js v18.14.0,"Pin JWT verification to RS256 only, never trust the token header algorithm, reject alg=none, and never use asymmetric public keys as HMAC secrets.",,9.8,"T1190, T1550",no
Unauthenticated Socket.IO event stream exposes application events,medium,OWASP Juice Shop 14.5.1 Socket.IO / Engine.IO endpoint:3000,Require authenticated Socket.IO connections and do not broadcast sensitive metadata or flags on public channels.,,5.3,T1040,no
FTP artifact allowlist bypass via double-encoded null byte suffix,medium,OWASP Juice Shop 14.5.1 /ftp static file handler:3000,"Canonicalize and fully decode filenames before extension checks, reject null bytes and backup extensions, and remove sensitive files from web-accessible /ftp.",,6.5,"T1190, T1083",no
JWT algorithm confusion permits forged admin tokens using exposed RSA public key,critical,OWASP Juice Shop 14.5.1 JWT authentication:3000,"Pin JWT verification to RS256 only, reject attacker-controlled alg values, upgrade JWT middleware, and do not expose verification keys unless necessary.",,9.8,"T1606, T1190",no
Recoverable coupon codes exposed through Z85-encoded backup artifact,low,OWASP Juice Shop 14.5.1 /ftp coupon backup artifact:3000,Remove backup coupon artifacts from the web root and do not rely on reversible encoding to protect promotional or secret values.,,3.7,T1552,no
Unauthenticated SQL Injection Login Bypass Issues Admin JWT,critical,OWASP Juice Shop 14.5.1 on Node.js v18.14.0,Replace string-concatenated SQL in authentication with parameterized queries and add regression tests for SQLi payloads in email/password fields.,,9.8,"T1190, T1078",no
JWT Algorithm Confusion Allows Forged Admin Tokens Using Exposed RSA Public Key,critical,OWASP Juice Shop 14.5.1 JWT-protected APIs:3000,"Pin JWT verification to RS256 only, reject HS* algorithms for RSA-backed tokens, rotate JWT keys, and remove unauthenticated access to key material where possible.",,9.8,"T1190, T1606",no
FTP Static File Allowlist Bypass Exposes Backup and KeePass Artifacts,high,OWASP Juice Shop 14.5.1 /ftp artifact server:3000,"Canonicalize paths before extension checks, reject encoded null bytes, and remove sensitive backup/credential files from the web-accessible /ftp directory.",,7.5,"T1190, T1083, T1552",no
Unauthenticated Prometheus metrics disclose runtime and application state,low,OWASP Juice Shop 14.5.1 / Node.js v18.14.0,Require authentication or network allowlisting for /metrics and avoid exposing detailed runtime labels publicly.,,3.7,T1082,no
Broken Object-Level Authorization on Basket Retrieval,high,OWASP Juice Shop 14.5.1 REST API:3000,"On every basket route, compare the requested basket's UserId with the authenticated user's ID and return 403 on mismatch.",,8.1,"T1190, T1530",no
Broken Object-Level Authorization on User Record Retrieval,high,OWASP Juice Shop 14.5.1 REST API:3000,Add per-object authorization checks to /api/Users/{id}; only admins or the subject user should be allowed to read the record.,,8.1,"T1190, T1530",no
Unauthenticated Product Search SQL Injection Enables User Table Exfiltration,critical,OWASP Juice Shop 14.5.1 product search API:3000,"Parameterize the product search query, constrain UNION/error behavior, and add regression tests for quote, boolean, and UNION SQLi payloads.",,9.8,"T1190, T1005",no
Password Change Does Not Revoke Existing JWT Sessions,medium,OWASP Juice Shop 14.5.1 JWT session handling:3000,"Invalidate all existing sessions/tokens when passwords are changed or reset by using token versioning, passwordChangedAt checks, or a revocation store.",,6.5,"T1528, T1550",no
Unauthenticated Order Tracking Predicate Injection Discloses Other Users' Orders,high,OWASP Juice Shop 14.5.1 order tracking API / MarsDB DocumentMatcher:3000,"Remove dynamic predicate/eval-based matching from order tracking, validate order IDs with an allowlist, and require authorization or possession proof for order lookup.",,8.1,"T1190, T1087",no
Unauthenticated Memories Feed Leaks User Credential Material,high,OWASP Juice Shop 14.5.1 memories API:3000,Restrict /rest/memories serialization to non-sensitive user profile fields and add API tests ensuring password/deluxeToken/totpSecret never appear in public responses.,,7.5,"T1190, T1552",no
Unauthenticated Memory Feed Discloses Password Hashes and Tokens,high,OWASP Juice Shop 14.5.1 REST API:3000,"Remove password hashes, tokens, and other secrets from all public API serializers and require authorization for non-public user metadata.",,8.1,"T1589, T1530",no
State-changing password change uses GET query parameters and leaks password hash,medium,OWASP Juice Shop 14.5.1 password-change API:3000,"Use POST with body parameters, require CSRF protection/re-authentication, serve only over HTTPS, and omit password hashes from responses.",,6.8,"T1552, T1190",no
Unauthenticated memories endpoint leaks nested user records and password hashes,high,OWASP Juice Shop 14.5.1 /rest/memories API:3000,"Require appropriate authorization where needed and explicitly whitelist safe response fields; never include password hashes, roles, deluxe tokens, or TOTP secrets in public API responses.",,7.5,"T1552, T1087",no
Reflected DOM XSS in track-order route via bypassSecurityTrustHtml,medium,OWASP Juice Shop 14.5.1 Angular SPA / track-order API:3000,"Remove bypassSecurityTrustHtml for untrusted data, render order IDs with interpolation/textContent, validate orderId server-side, and deploy a restrictive CSP.",,6.1,"T1059.007, T1189",no
Stored DOM XSS via product description update and product-details innerHTML binding,high,OWASP Juice Shop 14.5.1 Angular SPA product API:3000,"Fix JWT verification, restrict product update APIs, sanitize product descriptions server-side, avoid [innerHTML] for untrusted content, and deploy CSP.",,8.1,"T1059.007, T1190",no
Security-Question Password Reset Enables Account Takeover Using Publicly Leaked Answers,high,OWASP Juice Shop 14.5.1 password reset workflow:3000,Replace knowledge-based password reset with time-limited out-of-band reset tokens and remove public content that discloses reset answers.,,8.1,"T1190, T1098, T1078",no
Any Authenticated User Can Enumerate Global Authentication Details,high,OWASP Juice Shop 14.5.1 REST API:3000,Restrict global authentication-details to administrators and remove sensitive token/password/TOTP fields from the response.,,8.1,"T1190, T1530",no
SQL Injection Authentication Bypass in Login,critical,OWASP Juice Shop 14.5.1 / Node.js HTTP service:3000,Replace dynamic SQL construction in authentication with parameterized queries and add negative tests for SQL metacharacters in login fields.,,9.8,"T1190, T1078",no
Chained Admin Authentication Details Disclosure Exposes Deluxe Tokens,high,OWASP Juice Shop 14.5.1 / Node.js HTTP service:3000,"Restrict authentication-detail APIs to least privilege and remove secret-bearing fields such as deluxeToken, password, totpSecret, and JWTs from responses.",,8.1,"T1190, T1552, T1528",no
SQL Injection in Product Search,high,OWASP Juice Shop 14.5.1 / Node.js HTTP service:3000,Use parameterized SQL/ORM bindings for product search and add SQLi regression tests for q.,,8.6,T1190,no
Backup Artifact Disclosure via /ftp Null-Byte Extension Filter Bypass,medium,OWASP Juice Shop 14.5.1 / Node.js HTTP service:3000,"Canonicalize and validate decoded filenames, reject null bytes, and store backups outside the web-accessible /ftp directory.",,6.5,"T1083, T1589",no
Unauthenticated Admin Application Configuration Disclosure,medium,OWASP Juice Shop 14.5.1 / Node.js HTTP service:3000,Require authenticated admin authorization for admin configuration endpoints and return only non-sensitive fields needed by the UI.,,5.3,"T1592, T1082",no
Password Reset Security Question User Enumeration,medium,OWASP Juice Shop 14.5.1 / Node.js HTTP service:3000,Return indistinguishable responses for existing and nonexistent emails and avoid exposing security questions before identity verification.,,5.3,"T1589, T1110",no
Unauthenticated Prometheus Metrics Exposure,low,OWASP Juice Shop 14.5.1 / Node.js HTTP service:3000,Require authentication or bind metrics to an internal monitoring interface only.,,3.7,T1592,no
Unauthenticated JWT Public Key Disclosure,info,OWASP Juice Shop 14.5.1 / Node.js HTTP service:3000,Do not expose JWT key material endpoints unless required for a documented JWKS/OIDC flow; otherwise restrict access.,,0.0,T1552,no
Authentication bypass via SQL injection in login email,critical,OWASP Juice Shop 14.5.1 on Node.js v18.14.0,Replace string-concatenated login SQL with prepared statements/ORM parameter binding and add regression tests for SQLi login payloads.,,9.8,"T1190, T1078",no
JWT alg=none signature bypass allows arbitrary admin token forgery,critical,OWASP Juice Shop 6.2.0-SNAPSHOT / Node.js HTTP API:3000,"Pin JWT verification to the expected algorithm, reject alg=none, and upgrade JWT libraries/configuration to disallow unsigned tokens by default.",,9.1,"T1606.001, T1550.001",no
JWT signature bypass via alg=none and algorithm confusion,critical,OWASP Juice Shop JWT authentication on Node.js:3000,"Pin accepted JWT algorithms to RS256, reject alg=none, and rotate signing keys after fixing verification.",,9.8,"T1606, T1550",no
Unauthenticated SQL Injection Login Bypass to Administrator JWT,critical,OWASP Juice Shop 14.5.1 on Node.js v18.14.0,"Use parameterized queries/ORM bindings for login, reject SQL metacharacter payloads only as defense-in-depth, and add regression tests for authentication bypass payloads.",,9.8,"T1190, T1078",no
JWT Algorithm Confusion Allows Forged Administrator Tokens,critical,OWASP Juice Shop 14.5.1 on Node.js v18.14.0,"Pin JWT verification to RS256 only, reject alg header downgrades, segregate asymmetric public keys from symmetric secrets, and add tests that HS256 tokens signed with the RSA public key are rejected.",,9.8,"T1190, T1550",no
SQL Injection Authentication Bypass to Administrator Session,critical,OWASP Juice Shop 14.5.1 / Node.js Express authentication API:3000,Replace string-built login queries with parameterized queries/ORM predicates and enforce password verification for the selected account.,,9.8,"T1190, T1078",no
Registration Mass Assignment Allows Self-Service Admin Account Creation,critical,OWASP Juice Shop 14.5.1 / Node.js Express HTTP service:3000,Implement allow-list request binding for registration and set role server-side; reject or ignore privileged fields from clients.,,9.1,"T1190, T1068, T1098",no
JWT Algorithm Confusion and alg=none Authorization Bypass,critical,OWASP Juice Shop 14.5.1 / Node.js Express HTTP service:3000,"Pin JWT verification to RS256, reject alg=none, prevent RSA/HMAC key confusion, and rotate signing keys after fixing verification.",,9.8,"T1190, T1550, T1528",no
Verbose Express Stack Trace Disclosure on Malformed Routes,medium,OWASP Juice Shop 14.5.1 / Express ^4.17.1,"Disable development errorhandler, return generic errors, and validate route parameters before parser/query use.",,5.3,"T1592, T1082",no
Unauthenticated B2B OpenAPI Schema Disclosure,low,OWASP Juice Shop 14.5.1 / Swagger UI:3000,Disable Swagger UI in production or require authenticated administrative access.,,3.7,T1592,no
Unsigned JWT (alg=none) Accepted for Administrator Authorization,critical,OWASP Juice Shop 14.5.1 / JWT-protected API:3000,"Reject unsigned JWTs, pin the expected signing algorithm (e.g. RS256 only), and derive privileges from server-side state rather than trusting mutable token claims.",,9.8,"T1606, T1190, T1078",no
Broken object-level authorization exposes other users' records,high,OWASP Juice Shop REST API /api/Users:3000,Add per-object ownership checks on user record routes and deny cross-user reads for non-admin roles.,,7.5,T1190,no
SQL Injection Authentication Bypass Returns Administrator JWT,critical,OWASP Juice Shop 14.5.1 on Node.js v18.14.0,Replace string-concatenated login queries with parameterized/ORM queries and add regression tests for quote/comment SQLi payloads.,,9.8,"T1190, T1059",no
Unsigned JWT alg=none Accepted for Administrator Authorization,critical,OWASP Juice Shop 14.5.1 JWT authorization:3000,Configure JWT verification with an explicit algorithm allowlist and reject alg=none tokens unconditionally.,,9.8,"T1606, T1190",no
JWT RS256-to-HS256 Algorithm Confusion Using Exposed Public Key,critical,OWASP Juice Shop 14.5.1 JWT authorization:3000,"Pin JWT verification to RS256 only, reject HS256 for RSA-key tokens, and ensure key type matches the accepted algorithm.",,9.8,"T1606, T1190",no
FTP Artifact Extension Filter Bypass Exposes Backup and Binary Files,high,OWASP Juice Shop 14.5.1 /ftp artifact handler:3000,"Canonicalize filenames before authorization, reject encoded null bytes, and keep sensitive artifacts outside the web-served directory.",,7.5,"T1083, T1005",no
Unauthenticated Administrative Configuration and Prometheus Metrics Disclosure,medium,OWASP Juice Shop 14.5.1 admin/metrics endpoints:3000,Require admin authentication or internal-network allowlisting for configuration and metrics endpoints.,,6.5,"T1592, T1082",no
Unauthenticated Recovery Question Disclosure,medium,OWASP Juice Shop 14.5.1 password recovery API:3000,Do not reveal user-specific recovery questions before identity verification; use generic responses and rate limiting.,,5.3,"T1589, T1110",no
Unauthenticated Model APIs Expose Feedback and Security Question Records,medium,OWASP Juice Shop 14.5.1 Sequelize model APIs:3000,Restrict raw model endpoints to authorized roles and expose only minimal public DTOs where needed.,,5.3,"T1530, T1087",no
Verbose Error Pages Leak Framework and Version Information,low,OWASP Juice Shop 14.5.1 / Express ^4.17.1,Replace verbose default error pages with generic production error responses and remove framework/version banners.,,3.7,T1592,no
Cross-Account Basket IDOR/BOLA,high,OWASP Juice Shop 14.5.1 / Basket API:3000,Enforce object-level authorization by checking the basket's UserId against the authenticated token subject for every read/write basket operation.,,8.1,"T1190, T1078",no
XML External Entity Injection in Deprecated B2B Complaint File Upload,critical,OWASP Juice Shop 14.5.1 / Node.js Express file upload handler:3000,"Disable DTD/entity expansion in XML parsers, reject deprecated XML upload workflows, and return generic errors that do not reflect parsed content.",,9.1,"T1190, T1005",no
Exposed KeePass Incident Support Database via FTP Extension Bypass,high,OWASP Juice Shop 14.5.1 / Express static file server:3000,"Remove credential vaults from web-accessible directories, rotate any credentials contained in the vault, and fix canonicalized filename validation.",,7.5,"T1552, T1005",no
Privilege escalation via mass assignment in user registration,critical,OWASP Juice Shop REST API /api/Users:3000,"Implement server-side field allowlisting for user creation and ignore/forbid role, isActive, deluxeToken, password hash, and other privileged attributes from client input.",,9.1,"T1068, T1078",no
JWT authentication bypass via unsigned alg=none tokens,critical,OWASP Juice Shop 14.5.1 / Node.js Express API:3000,"Configure JWT verification with an explicit algorithm allowlist, reject alg=none, and use a maintained JWT library/version that does not permit unsigned tokens by default.",,9.8,"T1606, T1550.001",no
JWT RS256-to-HS256 algorithm confusion using exposed RSA public key,critical,OWASP Juice Shop 14.5.1 / Node.js Express API:3000,"Pin JWT verification to RS256 only, never derive accepted algorithms from the token header, and ensure HMAC algorithms cannot use RSA public key material as secrets.",,9.8,"T1606, T1550.001",no
Exposed weak RSA implementation allows decryption of encrypted announcement,medium,OWASP Juice Shop static /ftp artifacts:3000,Remove exposed crypto artifacts and replace deterministic per-character RSA with authenticated encryption or RSA-OAEP hybrid encryption.,,5.3,T1552.001,no
XXE in deprecated B2B XML upload enables local file disclosure,high,OWASP Juice Shop / Node.js Express file-upload handler:3000,Disable XXE by rejecting DOCTYPE/external entities and remove or fully protect the deprecated B2B XML upload handler.,,7.5,T1190,no
Any authenticated user can enumerate all user accounts,high,OWASP Juice Shop REST API /api/Users:3000,Restrict user collection enumeration to administrators and return only the authenticated user's own minimal profile to customer accounts.,,7.5,T1087,no
JWT RS256-to-HS256 Algorithm Confusion with Exposed Public Key,critical,OWASP Juice Shop 14.5.1 / JWT-protected API:3000,"Pin JWT verification to RS256 only, reject HS* and none algorithms, and do not expose verification keys unless strictly necessary.",,9.8,"T1606, T1190, T1078",no
Authentication SQL Injection Yields Admin JWT,critical,OWASP Juice Shop / Node.js Express authentication API:3000,Replace string-built SQL with parameterized ORM queries and validate login inputs.,,9.8,"T1190, T1078",no
Unsigned alg=none JWT Accepted for Admin API Access,critical,OWASP Juice Shop JWT authorization middleware:3000,Pin JWT verification to the expected asymmetric algorithm and reject unsigned tokens.,,9.1,"T1552, T1078, T1190",no
FTP Artifact Extension Filter Bypass and Directory File Disclosure,medium,OWASP Juice Shop static /ftp file service:3000,"Disable directory indexing, remove sensitive artifacts from web root, and validate canonicalized paths/extensions after full decoding.",,6.5,"T1190, T1083",no
XXE Local File Read in Deprecated /file-upload XML Handler,high,OWASP Juice Shop deprecated B2B file upload XML parser:3000,Disable external entity resolution/DTD loading for XML parsing or remove the deprecated upload endpoint entirely.,,8.6,"T1190, T1005",no
Normal users can read global authentication/session details,critical,OWASP Juice Shop REST API /rest/user/authentication-details:3000,Restrict authentication-detail endpoints to administrators only and never expose live tokens or MFA secret fields via API responses.,,9.1,"T1552, T1087",no
Unauthenticated XXE Local File Read via Deprecated B2B XML Upload Handler,high,OWASP Juice Shop 14.5.1 /file-upload XML handler:3000,"Disable DTD/external entity expansion, reject XML on deprecated upload routes, and stop reflecting uploaded XML content in error pages.",,8.6,"T1190, T1005",no
B2B API accepts unsigned JWT alg=none tokens,high,OWASP Juice Shop 14.5.1 NextGen B2B API:3000,"Pin the accepted JWT algorithm to RS256 on the server, reject alg=none, and never trust the token-supplied alg header to select verification behavior.",,8.1,"T1190, T1550.001",no
XXE Local File Disclosure in Deprecated B2B XML Upload,high,OWASP Juice Shop 14.5.1 / Express ^4.17.1 XML file upload handler:3000,Disable DTD/external entity resolution for XML parsing and remove or strictly authenticate the deprecated /file-upload B2B interface.,,7.5,T1190,no
FTP artifact extension filter bypass via double-encoded null byte suffix,medium,OWASP Juice Shop 14.5.1 Node.js/Express:3000,"Normalize and fully decode paths before extension validation, reject null bytes/encoded nulls, and remove sensitive artifacts from the web root.",,6.5,T1190,no
Deprecated XML file upload handler is vulnerable to XXE local file disclosure,high,OWASP Juice Shop 14.5.1 Node.js/Express file upload:3000,"Disable DTD/entity processing for XML parsers, reject XML uploads containing DOCTYPE/ENTITY, avoid reflecting uploaded XML in errors, and remove deprecated upload handlers.",,8.1,T1190,no
Authentication bypass via SQL injection in login email field,critical,OWASP Juice Shop 14.5.1 Node.js/Express:3000,Replace concatenated SQL with parameterized ORM/prepared statements and add authentication tests for injection payloads.,,9.8,"T1190, T1078",no
UNION-based SQL injection in product search,high,OWASP Juice Shop 14.5.1 Node.js/Express product search API:3000,Use bound parameters for search queries and reject/escape unexpected SQL metacharacters only as defense in depth.,,8.6,T1190,no
XXE local file read in deprecated XML file-upload handler,high,OWASP Juice Shop 14.5.1 /file-upload XML B2B handler:3000,Disable DTD/external entity processing for XML uploads or remove the deprecated XML parser path entirely.,,8.1,"T1190, T1005",no
Unauthenticated confidential document exposure under /ftp,medium,OWASP Juice Shop 14.5.1 Express static /ftp artifact directory:3000,Remove confidential files from the web root and require authentication/authorization for artifact downloads.,,5.3,"T1083, T1005",no
Backup/source artifact retrieval via double-encoded null-byte extension bypass,medium,OWASP Juice Shop 14.5.1 /ftp download filter:3000,Canonicalize and fully decode filenames before extension checks; reject null bytes and keep backups outside the served directory.,,6.5,"T1083, T1005",no
Exposed encoded coupon backup reveals usable coupon codes,medium,OWASP Juice Shop 14.5.1 /ftp coupon backup artifact:3000,"Remove backup coupon files from web-accessible storage, rotate exposed coupons, and fix filename canonicalization.",,5.9,"T1552, T1005",no
Unauthenticated application configuration disclosure,medium,OWASP Juice Shop 14.5.1 admin configuration endpoint:3000,Require admin authorization for configuration endpoints and redact secrets/internal settings from responses.,,5.3,"T1592, T1082",no
Unauthenticated Prometheus metrics disclosure,low,OWASP Juice Shop 14.5.1 /metrics endpoint:3000,Restrict /metrics to trusted monitoring networks or require authentication.,,3.7,"T1592, T1082",no
Password-reset security question enumeration,medium,OWASP Juice Shop 14.5.1 account recovery API:3000,Do not expose recovery questions before verifying the reset flow; return uniform responses for existing and non-existing emails and add rate limiting.,,5.3,"T1589, T1110",no
Exposed textbook RSA encryption allows offline decryption of confidential announcement,medium,OWASP Juice Shop 14.5.1 /ftp artifact store:3000,Remove encryption helpers and encrypted confidential artifacts from the public /ftp directory and use OAEP/hybrid encryption over the whole document rather than deterministic per-character RSA.,,5.3,T1552.001,no
Post-Authentication Authentication-Details Endpoint Exposes User Secrets and Tokens,high,OWASP Juice Shop 14.5.1 user/authentication-details API:3000,"Use response DTO allowlists and never serialize password hashes, TOTP secrets, security answers, or active tokens to clients.",,8.1,"T1552, T1530",no
Basket IDOR/BOLA Allows Customers to Read Other Users' Baskets,medium,OWASP Juice Shop 14.5.1 basket APIs:3000,"Apply object-level authorization on every basket and basket-item query using the authenticated user's ID, not only the supplied object ID.",,6.5,"T1530, T1190",no
SQL Injection Authentication Bypass in Login Email Field,critical,OWASP Juice Shop 14.5.1 / Node.js Express:3000,Replace concatenated SQL with parameterized queries/ORM bindings and enforce password verification after lookup.,,9.8,"T1190, T1078",no
Unauthenticated XXE Local File Disclosure in Deprecated XML File Upload Handler,high,OWASP Juice Shop 14.5.1 / XML upload handler:3000,"Disable DTD/external entity resolution, reject DOCTYPE declarations, and avoid reflecting parsed XML content in error pages.",,8.6,"T1190, T1005, T1046",no
JWT Middleware Accepts Unsigned alg=none Admin Tokens,critical,OWASP Juice Shop 14.5.1 API JWT authentication:3000,Pin allowed JWT algorithms server-side and reject unsigned tokens regardless of token header values.,,9.8,"T1606, T1078",no
JWT RSA/HMAC Algorithm Confusion Allows Forged Admin Token,critical,OWASP Juice Shop 14.5.1 API JWT authentication:3000,Use strict algorithm allow-lists and separate symmetric/asymmetric verification keys; do not let the JWT header select verification mode.,,9.8,"T1606, T1078",no
Exposed Z85-encoded coupon backup reveals valid discount codes,medium,OWASP Juice Shop 14.5.1 /ftp artifact store and checkout API:3000,"Remove coupon backup artifacts from the web root, rotate exposed coupon codes, and store coupon secrets server-side only.",,5.3,T1552.001,no
CAPTCHA Endpoint Discloses Plaintext Answer,low,OWASP Juice Shop 14.5.1 CAPTCHA API:3000,Do not send CAPTCHA answers to clients; store answers server-side and verify submissions against the stored value.,,3.7,T1110,no
B2B orderLinesData Parser Error Leaks Internal Filesystem Path and Dependency Stack,low,OWASP Juice Shop 14.5.1 NextGen B2B API:3000,Use JSON.parse instead of expression parsing for orderLinesData and replace verbose parser errors with generic 400 responses.,,3.7,T1592,no
Main API accepts unsigned JWT alg=none tokens for protected resources,high,OWASP Juice Shop 14.5.1 REST API:3000,"Pin JWT verification to RS256, reject unsigned tokens globally, and add regression tests for alg=none against every protected API route.",,8.8,"T1190, T1550.001",no
Low-Privilege Users Can Read Global User and Complaint Model Data,medium,OWASP Juice Shop 14.5.1 raw model APIs:3000,Apply role-based access control and owner-scoped queries to all raw model endpoints; avoid exposing generic ORM routes directly.,,6.5,"T1530, T1087",no
B2B API accepts empty unsigned JWT for order creation,critical,OWASP Juice Shop 14.5.1 NextGen B2B API:3000,"Require RS256-signed JWTs with validated identity/role claims on all B2B routes; reject alg=none, empty payloads, and tokens without a valid signature and expiration.",,9.8,"T1606, T1550.001",no
Textbook RSA used for exposed announcement encryption,medium,OWASP Juice Shop 14.5.1 / exposed /ftp artifacts:3000,"Never encrypt raw bytes directly with RSA; use RSA-OAEP or a modern authenticated hybrid encryption scheme with randomized padding, and do not expose encryption tooling/key parameters in web-accessible directories.",,5.3,T1020,no
Exposed Source/Configuration Artifacts via /ftp Extension Bypass and Public Admin Config,high,OWASP Juice Shop / Node.js Express on port 3000,"Disable public directory indexing/backups, reject encoded null-byte/path tricks, and protect admin configuration/API documentation behind authentication.",,7.5,"T1083, T1592",no
SQL Injection Authentication Bypass Yields Administrator JWT,critical,OWASP Juice Shop REST login / SQLite-backed auth:3000,Use parameterized ORM queries/prepared statements and verify passwords independently of SQL predicates.,,9.8,"T1190, T1059",no
JWT alg=none Accepted for Administrator Authorization,critical,OWASP Juice Shop JWT authorization / express-jwt 0.1.3,Upgrade JWT middleware and explicitly pin allowed algorithms; reject unsigned tokens and rotate existing tokens/secrets.,,9.8,"T1550, T1606",no
XML External Entity Injection in Deprecated B2B File Upload,high,OWASP Juice Shop /file-upload XML parser using libxmljs:3000,"Remove the deprecated XML upload handler or configure the XML parser to disable DTDs, external entities, and network access.",,8.6,"T1190, T1005",no
SQL Injection Authentication Bypass in Login,critical,OWASP Juice Shop 14.5.1 on Node.js/Express:3000,Replace raw/interpolated SQL in authentication with parameterized queries or safe ORM predicates and add regression tests for SQL metacharacters in login fields.,,9.8,"T1190, T1078",no
Password Change Uses GET Query Parameters and Verbose Error Route,low,OWASP Juice Shop 14.5.1 password change route:3000,"Move password changes to POST over HTTPS with request-body fields, disable the GET route, and suppress verbose stack/error pages.",,3.7,T1552,no
Authenticated Chatbot setname Action Mints Accepted Admin JWT With Secret Claims,high,OWASP Juice Shop 14.5.1 chatbot API:3000,Remove token minting from chatbot flows and sign only minimal non-secret claims in all JWTs.,,8.1,"T1606, T1552",no
Unsigned JWT alg=none Accepted for Administrator API Access,critical,OWASP Juice Shop 14.5.1 JWT authorization middleware:3000,Configure JWT verification with an explicit algorithm allow-list such as RS256 and reject unsigned tokens.,,9.8,"T1190, T1550.001, T1078",no
Authentication bypass via SQL injection in login email field,critical,OWASP Juice Shop 14.5.1 on Node.js/Express:3000,"Parameterize the login query/ORM lookup, validate email input, and verify passwords server-side before issuing JWTs.",,9.8,"T1190, T1078",no
JWT signature bypass via accepted alg=none tokens,critical,OWASP Juice Shop 14.5.1 jsonwebtoken/express-jwt authentication:3000,"Upgrade JWT middleware and configure verification to allow only the expected signed algorithm, explicitly rejecting alg=none and empty signatures.",,9.8,"T1606, T1190",no
Broken object-level authorization allows cross-user basket access,high,OWASP Juice Shop 14.5.1 basket REST API:3000,Enforce per-object ownership checks on basket IDs and return 403 when the authenticated user does not own the requested basket.,,8.1,"T1190, T1087",no
Chained admin access exposes bulk authentication metadata,high,OWASP Juice Shop 14.5.1 authentication-details API:3000,"Fix the login SQLi, enforce strict admin-only access, honor the requested user filter, and never return password/TOTP/security-answer fields in API responses.",,8.2,"T1190, T1005, T1087",no
Captcha endpoint discloses plaintext answer,low,OWASP Juice Shop 14.5.1 captcha API:3000,Store the captcha answer server-side and return only the challenge and captcha ID to clients.,,3.7,T1110,no
JWT alg=none accepted for admin API authorization,critical,OWASP Juice Shop 14.5.1 Node.js/Express API:3000,Pin JWT verification to RS256 with a trusted public key and reject all unsigned or unexpected algorithms.,,9.1,"T1606, T1190",no
Leaked textbook RSA implementation allows decryption of encrypted announcement,medium,OWASP Juice Shop 14.5.1 /ftp static file server:3000,"Remove exposed bytecode/backups, fix the /ftp extension-filter bypass, and replace textbook RSA with modern randomized authenticated encryption.",,5.3,"T1552, T1027",no
Authentication bypass via SQL injection in login email field,critical,OWASP Juice Shop 14.5.1 HTTP API:3000,Parameterize the login query and add server-side input validation plus regression tests for SQL metacharacters in credentials.,,9.8,"T1190, T1110",no
Password change does not require current password and is exposed via GET,high,OWASP Juice Shop 14.5.1 password-change route:3000,"Require POST with CSRF protection, validate the current password, and never place passwords in URL query parameters.",,8.1,"T1539, T1110",no
FTP Extension Filter Bypass Exposes Blocked Backup and Debug Artifacts,medium,OWASP Juice Shop 14.5.1 /ftp artifact download route:3000,"Canonicalize and validate decoded paths before serving files, reject NUL/double-encoded path sequences, and store sensitive backups outside the web root.",,6.5,"T1190, T1083",no
Unauthenticated Prometheus Metrics Exposure,low,OWASP Juice Shop 14.5.1 /metrics endpoint:3000,Restrict /metrics to authenticated administrators or monitoring networks and avoid exposing sensitive labels.,,3.7,T1592,no
JWT RS256-to-HS256 algorithm confusion via exposed RSA public key,critical,OWASP Juice Shop 14.5.1 REST API and B2B API:3000,"Pin JWT verification to RS256 only, reject all HS* algorithms for RSA-issued tokens, and remove or tightly scope public key exposure.",,9.1,"T1190, T1550.001",no
Password Change Does Not Require Current Password,medium,OWASP Juice Shop 14.5.1 user password change endpoint:3000,"Require the current password, verify it server-side, and consider step-up authentication for password changes.",,6.5,"T1098, T1078",no
Stored API-only XSS in product description via admin product update,high,OWASP Juice Shop 14.5.1 product API / Angular catalogue:3000,Sanitize product fields server-side and render them as text or through a strict HTML sanitizer; also fix the admin-auth SQLi primitive.,,8.0,"T1190, T1059.007",no
Unsigned JWT accepted for admin API access,critical,OWASP Juice Shop 14.5.1 JWT authentication:3000,Whitelist the expected JWT algorithm and reject unsigned tokens before claims are trusted.,,9.8,"T1552, T1134",no
SQL Injection Authentication Bypass in Login,critical,OWASP Juice Shop 14.5.1 on Node.js/Express:3000,"Use parameterized ORM queries for login, validate email input, and never build SQL using string concatenation.",,9.8,"T1190, T1078",no
JWT Signature Validation Bypass via alg=none and HS256/RS256 Confusion,critical,OWASP Juice Shop 14.5.1 JWT authentication:3000,"Pin accepted JWT algorithms, reject alg=none, separate HS and RS verification keys, and rotate tokens after fixing validation.",,9.8,"T1606, T1078",no
Cross-Account Basket IDOR,high,OWASP Juice Shop 14.5.1 basket API:3000,Bind basket lookups to the authenticated user's ID and return 403/404 for objects not owned by the requester.,,8.1,T1190,no
Password Change Does Not Require Current Password,high,OWASP Juice Shop 14.5.1 change-password route:3000,"Require and verify the current password before changing credentials, move secrets out of URL parameters, and invalidate existing sessions after password changes.",,8.0,T1078,no
Pre-Authentication Security Question Enumeration,medium,OWASP Juice Shop 14.5.1 account recovery:3000,Do not disclose per-account recovery questions pre-authentication; use generic responses and out-of-band recovery verification.,,5.3,T1589,no
JWT alg=none acceptance allows forged admin API token,critical,OWASP Juice Shop 14.5.1 JWT-protected API:3000,"Pin accepted JWT algorithms to RS256, reject alg=none, and add tests comparing no-auth/bad-token/unsigned-token behavior on protected routes.",,9.1,"T1606, T1550",no
JWT RS256-to-HS256 algorithm confusion using exposed public key,critical,OWASP Juice Shop 14.5.1 jsonwebtoken/express-jwt authentication:3000,"Pin JWT verification to RS256 with RSA key-type validation, reject all HMAC algorithms for RSA tokens, and upgrade JWT middleware.",,9.8,"T1606, T1190",no
JWT RS256-to-HS256 algorithm confusion with exposed public key,critical,OWASP Juice Shop 14.5.1 JWT authentication:3000,Whitelist the expected JWT algorithm and remove public-key material from web-accessible routes if the verifier can be confused into treating it as an HMAC secret.,,9.8,"T1552, T1134",no
Exposed encryption key directory leaks premium feature key and JWT public key,medium,OWASP Juice Shop 14.5.1 Express static /encryptionkeys directory:3000,"Remove /encryptionkeys from public static serving, rotate exposed keys, and store cryptographic material in a secret manager outside the web root.",,6.5,"T1552, T1005",no
Exposed Encryption Keys Enable JWT Algorithm Confusion Admin Forgery,critical,OWASP Juice Shop JWT authorization / /encryptionkeys static directory:3000,"Remove /encryptionkeys from public access, rotate JWT keys, and pin JWT verification to the intended asymmetric algorithm only.",,9.8,"T1552, T1550, T1606",no
Unauthenticated Cryptographic Key Directory Exposure,high,OWASP Juice Shop 14.5.1 /encryptionkeys static directory:3000,"Remove key files from web-accessible paths, disable directory indexing, rotate exposed secrets, and store keys in a secret manager.",,7.5,"T1552.001, T1083",no
Exposed premium key enables free Deluxe membership upgrade,high,OWASP Juice Shop 14.5.1 Deluxe membership API:3000,"Remove /encryptionkeys/ public listing, rotate premium.key, and validate Deluxe coupon redemption server-side with expiry and single-use semantics.",,7.5,"T1552.001, T1190",no
Basket IDOR/BOLA permits cross-user basket access,high,OWASP Juice Shop 14.5.1 /rest/basket API:3000,Check basket ownership against the authenticated user's id for every basket read/update/checkout operation.,,8.1,"T1190, T1078",no
JWT RS256-to-HS256 Algorithm Confusion Enables Admin Token Forgery,critical,OWASP Juice Shop 14.5.1 JWT authorization middleware:3000,"Pin accepted JWT algorithms to RS256 only, reject HS256/none tokens for RSA keys, update JWT libraries, and rotate exposed keys.",,9.8,"T1190, T1550.001, T1078",no
Authentication bypass via SQL injection in login email,critical,OWASP Juice Shop 14.5.1 /rest/user/login:3000,Parameterize the login query and require password verification for the selected account before issuing JWTs.,,9.8,"T1190, T1078",no
NoSQL/JavaScript Injection in Track Order Discloses Other Orders,high,OWASP Juice Shop 14.5.1 MarsDB DocumentMatcher order tracking:3000,"Treat order IDs as opaque strings, validate format, and never compile path parameters into JavaScript/MarsDB matcher expressions.",,8.1,"T1190, T1087",no
SQL Injection in Product Search Allows UNION Row Injection,high,OWASP Juice Shop 14.5.1 product search:3000,Use parameterized SQL/ORM query bindings for search terms and suppress verbose SQL error pages in production.,,8.1,"T1190, T1059",no
Authenticated Cross-User Basket IDOR,high,OWASP Juice Shop 14.5.1 basket API:3000,Authorize basket access by comparing the requested basket's UserId with the authenticated user's id before returning data.,,7.5,"T1190, T1087",no
Low-Privilege JWT Can Retrieve Full Authentication Details Dataset Including Admin Tokens,critical,OWASP Juice Shop 14.5.1 authentication details API:3000,Enforce object-level authorization and filter by the requested email; never return tokens or sensitive authentication metadata in bulk to ordinary users.,,9.1,"T1190, T1552",no
FTP extension filter bypass exposes blocked backup/code artifacts,medium,OWASP Juice Shop 14.5.1 / Express static file service:3000,"Normalize/decode paths before validation, reject null-byte encodings, and enforce allowlisted extensions on the canonical filesystem path.",,6.5,"T1190, T1083",no
Unauthenticated key material disclosure under /encryptionkeys/,high,OWASP Juice Shop 14.5.1 / Express static directory:3000,"Move keys outside the web root, disable directory indexing, and rotate any disclosed secrets/keys.",,7.5,"T1552.001, T1190",no
Broken Object-Level Authorization Leaks Authentication Details for All Users,high,OWASP Juice Shop 14.5.1 authentication details API:3000,Enforce object-level authorization on the requested email/user ID and never return all authentication records to non-admin users.,,8.1,"T1190, T1087",no
Broken object-level authorization on basket retrieval,high,OWASP Juice Shop 14.5.1 basket API:3000,Enforce object ownership checks on basket retrieval and add tests that user 2 cannot read user 1's basket.,,8.1,"T1190, T1530",no
JWT RS256-to-HS256 algorithm confusion using exposed public key,critical,OWASP Juice Shop 14.5.1 Node.js/Express API:3000,"Pin accepted JWT algorithms to RS256, reject HS* tokens for RSA-authenticated sessions, and stop exposing key material from /encryptionkeys.",,9.1,"T1606, T1190",no
JWT alg=none authentication bypass,critical,OWASP Juice Shop API on 10.10.0.21:3000,Disable alg=none and verify all JWTs with a fixed server-side algorithm allowlist.,,9.8,"T1190, T1552",no
JWT RSA/HMAC algorithm confusion via exposed public key,critical,OWASP Juice Shop API on 10.10.0.21:3000,Pin JWT verification to RS256 only and never reuse RSA public key bytes as an HMAC secret.,,9.8,"T1190, T1552",no
Unauthenticated exposure of premium cryptographic key material,medium,OWASP Juice Shop static key endpoint on 10.10.0.21:3000,"Remove the exposed key file, rotate the premium key, and prevent secret material from being served statically.",,6.5,T1552.001,no
Any authenticated user can dump global authentication details,high,OWASP Juice Shop 14.5.1 /rest/user/authentication-details API:3000,"Restrict authentication-details to admins or the caller's own account, and minimize sensitive fields returned.",,8.1,"T1190, T1078",no
B2B API accepts unsigned alg=none JWTs,critical,OWASP Juice Shop 14.5.1 /b2b/v2/orders JWT middleware:3000,Configure JWT verification to reject alg=none and require RS256 signatures from a trusted key only.,,9.1,"T1190, T1550",no
Broken Object-Level Authorization Allows Cross-User Basket Access,high,OWASP Juice Shop 14.5.1 basket API:3000,Enforce object ownership on basket IDs server-side and return 403 when a non-admin user requests another user's basket.,,8.1,"T1190, T1087",no
SQL Injection Authentication Bypass in Login,critical,OWASP Juice Shop 14.5.1 HTTP API:3000,Use parameterized queries/ORM bind parameters for login and reject SQL metacharacter payloads only as defense-in-depth.,,9.8,"T1190, T1059",no
JWT Verification Bypass via alg=none and RS256-to-HS256 Confusion,critical,OWASP Juice Shop 14.5.1 JWT authorization:3000,"Disable alg=none, pin the expected algorithm to RS256, do not use RSA public keys as HMAC secrets, and remove exposed key files from web roots.",,9.8,"T1190, T1552.001, T1606",no
Password Change Does Not Require Current Password,high,OWASP Juice Shop 14.5.1 account management API:3000,"Require the current password, use POST with CSRF protection, and invalidate existing sessions after password changes.",,8.1,"T1539, T1098",no
XML External Entity File Read in File Upload,high,OWASP Juice Shop 14.5.1 file upload XML parser:3000,"Disable DTD/external entity resolution, enable nonet/noent-safe parser options, and reject XML uploads containing DOCTYPE/ENTITY declarations.",,8.6,"T1190, T1005",no
FTP Download Extension Filter Bypass via Double-Encoded Null Byte,medium,OWASP Juice Shop 14.5.1 /ftp file server:3000,"Canonicalize and validate filenames after full decoding, reject null bytes, and allowlist exact safe extensions before serving files.",,6.5,"T1190, T1083",no
SQL Injection in Product Search UNION Query,high,OWASP Juice Shop 14.5.1 product search API:3000,Replace raw string-concatenated SQL with parameterized queries or ORM operators for all search parameters.,,8.8,"T1190, T1505.003",no
Basket IDOR/BOLA Allows Cross-User Basket Read,medium,OWASP Juice Shop 14.5.1 basket API:3000,Enforce object ownership checks on every basket lookup and return 404/403 when the basket UserId does not match the authenticated user.,,6.5,"T1190, T1530",no
XML External Entity (XXE) in XML file upload discloses local files,high,OWASP Juice Shop 14.5.1 / Node.js v18.14.0,"Disable DTD/external entity resolution, reject XML DOCTYPE/entity declarations, and avoid reflecting parsed XML in error responses.",,7.5,"T1190, T1005",no
Login SQL injection enables administrator authentication bypass,critical,OWASP Juice Shop 14.5.1 / Node.js v18.14.0,Use parameterized ORM queries/prepared statements for login and validate passwords server-side before issuing JWTs.,,9.8,"T1190, T1552",no
FTP artifact allowlist bypass exposes backup/source artifacts,medium,OWASP Juice Shop 14.5.1 static /ftp file server:3000,Canonicalize paths before access-control checks and serve only explicitly allowlisted files from /ftp.,,5.3,"T1083, T1552.001",no
Unauthenticated Prometheus metrics exposure,low,OWASP Juice Shop 14.5.1 /metrics endpoint:3000,Restrict /metrics to authenticated administrators or a private monitoring network.,,3.7,T1592.002,no
Unauthenticated cryptographic key material disclosure,high,OWASP Juice Shop 14.5.1 /encryptionkeys static directory:3000,"Remove /encryptionkeys from the web root, rotate exposed keys, and load secrets from a secrets manager or non-public filesystem path.",,7.5,"T1552.001, T1580",no
JWT alg=none accepted for administrator authorization,critical,OWASP Juice Shop 14.5.1 JWT middleware:3000,Upgrade/configure JWT verification to reject alg=none and allow only the expected signed algorithm(s). Rotate tokens after fixing.,,9.8,"T1550.001, T1190",no
JWT HS256/RS256 algorithm confusion using exposed RSA public key,critical,OWASP Juice Shop 14.5.1 JWT middleware:3000,"Pin JWT verification to RS256 only, reject HS* tokens for RSA-backed JWTs, remove exposed keys, and rotate signing material.",,9.8,"T1550.001, T1552.001",no
B2B order API accepts forged unsigned JWTs,high,OWASP Juice Shop 14.5.1 NextGen B2B API /b2b/v2/orders:3000,"Apply the same hardened JWT verifier to B2B endpoints, reject unsigned tokens, and validate request schemas before order creation.",,8.1,"T1550.001, T1190",no
Cross-user basket IDOR/BOLA via /rest/basket/{id},medium,OWASP Juice Shop 14.5.1 basket REST API:3000,Enforce server-side object ownership checks for every basket operation and return 403 when the authenticated user does not own the requested basket.,,6.5,"T1190, T1078",no
Customer role can enumerate full user collection,high,OWASP Juice Shop 14.5.1 user API:3000,Require admin authorization for user-list endpoints and filter sensitive fields from all user responses.,,8.1,"T1190, T1530",no
Forged unsigned JWT authorizes B2B order creation,high,OWASP Juice Shop 14.5.1 B2B v2 Orders API:3000,"Pin JWT verification to RS256, reject alg=none globally, and add B2B route authorization tests for no-auth and forged-token requests.",,8.8,"T1606, T1190",no
Unauthenticated SQL Injection Login Bypass Issues Administrator JWT,critical,OWASP Juice Shop 14.5.1 / Node.js Express on 10.10.0.21:3000,Replace string-built SQL in login with parameterized queries and add regression tests for SQL metacharacters in email.,,9.8,"T1190, T1059",no
JWT alg=none Signature Bypass Allows Arbitrary Administrator Token Forgery,critical,OWASP Juice Shop 14.5.1 JWT authorization on 10.10.0.21:3000,Reject unsigned JWTs and enforce a fixed asymmetric signing algorithm server-side.,,9.8,"T1552, T1606",no
JWT RS256-to-HS256 Algorithm Confusion Using Exposed Public Key,critical,OWASP Juice Shop 14.5.1 JWT authorization on 10.10.0.21:3000,Enforce strict JWT algorithm allow-listing and separate asymmetric verification keys from symmetric secrets.,,9.8,"T1552, T1606",no
B2B Order API Evaluates Attacker-Controlled orderLinesData as Server-Side JavaScript,high,OWASP Juice Shop 14.5.1 NextGen B2B API on 10.10.0.21:3000,Do not evaluate customer data as JavaScript; strictly JSON-parse and schema-validate orderLinesData.,,8.1,"T1059.007, T1190",no
FTP Extension Filter Bypass via Double-Encoded Null Byte Discloses Blocked Backup Files,medium,OWASP Juice Shop 14.5.1 Express serve-index /ftp on 10.10.0.21:3000,Canonicalize requested filenames before extension checks and reject encoded NUL/path-manipulation sequences.,,6.5,"T1083, T1552",no
JWT HS/RS algorithm confusion using exposed RSA public key,critical,OWASP Juice Shop 14.5.1 JWT middleware /api/Users:3000,Pin JWT algorithms to RS256 and reject symmetric algorithms for RSA-token endpoints; do not expose verification keys from webroot if not required.,,9.8,"T1550, T1190",no
Unauthenticated encryption key directory listing exposes application key material,high,OWASP Juice Shop 14.5.1,"Remove /encryptionkeys from the web root, disable directory indexing, rotate premium.key, and ensure JWT verification keys are not reusable as HMAC secrets.",,7.5,T1552.001,no
Null-byte extension bypass exposes restricted backup and compiled source artifacts,medium,OWASP Juice Shop 14.5.1,"Reject null bytes after URL decoding, validate canonical filenames/extensions, and remove backup/code artifacts from web-accessible directories.",,6.5,T1083,no
Textbook RSA per-character encryption allows public recovery of encrypted announcement,medium,OWASP Juice Shop 14.5.1,"Do not use raw RSA; use RSA-OAEP or hybrid authenticated encryption with per-message randomness, and remove encryption source/artifacts from public directories.",,5.3,T1140,no
Cross-host JWT trust enables lateral admin access from 10.10.0.21 to adjacent Juice Shop 10.10.0.20,high,OWASP Juice Shop HTTP API on 10.10.0.20:3000 and 10.10.0.21:3000,"Rotate JWT keys per environment/host, remove public key material from static routes, pin accepted JWT algorithms, reject alg=none, and enforce issuer/audience/tenant scoping.",,8.8,"T1550, T1190",no
Broken object-level authorization on user object retrieval,high,OWASP Juice Shop 14.5.1 user API:3000,Add per-object authorization checks to user-object routes and limit non-admin users to their own record.,,8.1,"T1190, T1530",no
JWT RS256-to-HS256 algorithm confusion enables forged B2B order creation,critical,OWASP Juice Shop 14.5.1 NextGen B2B API:3000,Pin accepted JWT algorithms to RS256 for B2B and all API middleware; reject HS* tokens and remove public key exposure if unnecessary.,,9.1,"T1606, T1190",no
Low-privilege IDOR exposes other users' baskets and authentication records,critical,OWASP Juice Shop 14.5.1 authenticated REST APIs:3000,Add per-object authorization checks and remove session/JWT fields from user-facing authentication-details responses.,,9.4,"T1190, T1078",no
XML External Entity (XXE) local file disclosure in deprecated XML file upload,high,OWASP Juice Shop 14.5.1 / Node.js v18.14.0,Disable DTD/external entity resolution for XML uploads and reject documents containing DOCTYPE/ENTITY declarations.,,8.1,T1190,no
JWT alg=none authentication bypass grants admin API access,critical,OWASP Juice Shop 14.5.1 / Node.js v18.14.0,Reject unsigned JWTs and pin server-side JWT verification to the expected signed algorithm only.,,9.8,"T1606, T1190",no
Exposed RSA public key enables HS/RS JWT algorithm confusion and admin token forgery,critical,OWASP Juice Shop 14.5.1 / Node.js v18.14.0,"Remove /encryptionkeys from public access, rotate JWT keys, and pin accepted JWT algorithms to RS256 only.",,9.8,"T1552, T1606, T1190",no
B2B order API accepts forged JWTs for state-changing order creation,high,OWASP Juice Shop 14.5.1 B2B API / Node.js v18.14.0,Apply strict signed-JWT verification and authorization checks to all /b2b/v2 state-changing endpoints.,,8.6,"T1606, T1190",no
DOM XSS in track-order result via reflected orderId and Angular trust bypass,high,OWASP Juice Shop 14.5.1 Angular frontend + /rest/track-order API:3000,"Remove bypassSecurityTrustHtml for attacker-controlled data, render order IDs as text, validate order ID format server-side, and deploy a restrictive CSP.",,8.1,"T1190, T1059.007",no
Exposed premium key enables unauthorized deluxe membership upgrade,high,OWASP Juice Shop 14.5.1 deluxe membership API:3000,Remove the exposed premium key and require server-side payment verification before changing user roles.,,8.1,"T1190, T1530",no
Cross-host JWT token reuse leaks adjacent-host authentication records,high,OWASP Juice Shop HTTP API on 10.10.0.20:3000 and 10.10.0.21:3000,"Use per-host JWT keys and issuer/audience validation, rotate exposed keys, and restrict authentication-details to authorized administrative callers with sensitive fields redacted.",,8.6,"T1550, T1087",no
JWT authentication bypass via accepted alg=none tokens,critical,OWASP Juice Shop 14.5.1 / Node.js v18.14.0,Pin accepted JWT algorithms server-side and reject unsigned tokens; upgrade JWT middleware and add regression tests for alg=none.,,9.8,"T1190, T1552",no
Broken Function-Level Authorization Exposes Full User List to Any Customer,high,OWASP Juice Shop 14.5.1 user API:3000,Restrict /api/Users and /api/Users/{id} to administrators or enforce per-object access to the caller's own record only.,,7.5,"T1190, T1530",no
Exposed Premium Key Enables Free Deluxe Membership Upgrade,high,OWASP Juice Shop 14.5.1 deluxe membership API:3000,Remove premium.key from web-accessible storage and require server-side payment-provider verification bound to the authenticated user before upgrading membership.,,8.1,"T1552.001, T1098, T1190",no
Low-Privilege Access to Authentication Details for All Users,high,OWASP Juice Shop 14.5.1 authentication details API:3000,Return only the caller's non-sensitive authentication metadata from user endpoints and restrict global authentication/audit records to administrators.,,8.1,"T1190, T1530, T1552",no
Track Order Reflected/DOM XSS via Trusted innerHtml Sink,high,OWASP Juice Shop 14.5.1 track-result Angular route:3000,Remove bypassSecurityTrustHtml for attacker-controlled values and render order IDs with Angular interpolation/text binding; also HTML-encode reflected API values.,,8.2,"T1190, T1059.007",no
Exposed premium key grants unpaid deluxe membership,high,OWASP Juice Shop 14.5.1 /rest/deluxe-membership:3000,Do not expose entitlement secrets; rotate premium.key and validate deluxe upgrades against server-side payment or single-use redemption state.,,8.1,"T1190, T1078",no
Customer JWT exposes all users' authentication details and tokens,critical,OWASP Juice Shop 14.5.1 authentication details API:3000,Add admin-only authorization and response-field filtering to authentication-details endpoints.,,9.1,"T1190, T1530, T1552",no
SQL injection authentication bypass in /rest/user/login,critical,OWASP Juice Shop 14.5.1 / Node.js Express:3000,Replace string-concatenated SQL with parameterized ORM/query bindings and validate the email field before querying.,,9.8,"T1190, T1078",no
Exposed premium key enables unauthorized deluxe membership upgrade,high,OWASP Juice Shop deluxe membership API on 10.10.0.21:3000,"Remove the exposed premium key, rotate it, and replace static-key payment authorization with server-side payment-provider verification.",,8.1,"T1552.001, T1190",no
JWT alg=none Signature Bypass Enables Arbitrary Admin Authentication,critical,OWASP Juice Shop 14.5.1 / Node.js v18.14.0 JWT authentication:3000,"Pin accepted JWT algorithms to RS256 only, reject alg=none, and require signature verification for all protected routes.",,9.8,"T1606, T1190",no
JWT RS256-to-HS256 Algorithm Confusion Using Exposed Public Key,critical,OWASP Juice Shop 14.5.1 / Node.js v18.14.0 JWT authentication:3000,Do not expose signing/verification key material unnecessarily; pin JWT verification to RS256 and reject HS256 tokens for RSA-backed issuers.,,9.8,"T1606, T1190",no
Exposed Premium Key Reusable for Unauthorized Deluxe Membership Upgrade,high,OWASP Juice Shop 14.5.1 deluxe membership/payment flow:3000,"Remove /encryptionkeys/premium.key from public web root, rotate the leaked key, and enforce one-time server-side payment token validation bound to the user.",,8.1,"T1552, T1190",no
JWT HS/RS algorithm confusion due to exposed RSA public key,critical,OWASP Juice Shop 14.5.1 / Node.js v18.14.0,"Restrict JWT verification to the intended asymmetric algorithm, reject HS256 for RSA-key tokens, and move key material outside publicly served paths.",,9.8,"T1190, T1552",no
Authentication bypass via SQL injection in login email field,critical,OWASP Juice Shop 14.5.1 on Node.js/Express:3000,"Parameterize the login query, validate email format, and verify the password hash before issuing any JWT.",,9.8,"T1190, T1110.004, T1078",no
Unsigned JWT accepted by B2B order API,critical,OWASP Juice Shop 14.5.1 NextGen B2B API:3000,"Pin JWT verification to the expected signed algorithm such as RS256, require a non-empty signature, and never accept alg=none in production.",,9.1,"T1190, T1606",no
FTP artifact extension-filter bypass exposes sensitive backups,medium,OWASP Juice Shop 14.5.1 / Express static file service:3000,"Normalize/decode filenames once, reject null bytes and backup extensions, enforce canonical path and extension checks, and remove backup artifacts from the web root.",,6.5,"T1190, T1552",no
"JWT Verifier Accepts Tokens Without exp Claim, Enabling Non-Expiring Forged Sessions",high,OWASP Juice Shop 14.5.1 / Node.js v18.14.0 JWT authentication:3000,"Require exp on every JWT, enforce a short maximum token lifetime, and combine this with strict algorithm pinning to RS256.",,8.1,T1606,no
Broken access control exposes all users' authentication details,high,OWASP Juice Shop 14.5.1 / Node.js Express:3000,"Enforce role/object-level authorization on authentication-details and remove token, secret, and password-derived fields from responses.",,8.1,"T1190, T1530",no
Unauthenticated password reset via public security question and weak answer,high,OWASP Juice Shop 14.5.1 account recovery workflow:3000,"Replace security-question-only reset with time-bound one-time reset tokens, rate-limit attempts, and require re-authentication/MFA for sensitive account recovery.",,8.1,"T1098, T1078",no
Low-privilege users can enumerate all users via /api/Users,high,OWASP Juice Shop 14.5.1 REST API:3000,Enforce role-based authorization on /api/Users and return only minimally required fields.,,7.5,"T1190, T1087.004",no
Low-privilege users can read arbitrary user object by ID,high,OWASP Juice Shop 14.5.1 REST API:3000,Enforce object ownership or admin-only access for user-object reads.,,7.5,T1190,no
Low-privilege users can retrieve all authentication detail records and admin JWTs,critical,OWASP Juice Shop 14.5.1 authentication-details endpoint:3000,"Make authentication-detail exports admin-only, remove token/password/TOTP fields from responses, and invalidate leaked tokens.",,9.1,"T1552.001, T1528, T1078",no
DOM XSS in track-result route via trusted orderId HTML,high,OWASP Juice Shop 14.5.1 Angular SPA /#/track-result:3000,"Remove bypassSecurityTrustHtml for user-controlled values, bind as text, and validate/encode order IDs server-side.",,8.0,"T1189, T1059.007",no
Exposed premium.key enables free deluxe membership upgrade,high,OWASP Juice Shop 14.5.1 deluxe membership workflow:3000,"Remove premium.key from public access, rotate it, and verify payments server-side with a payment provider or one-time signed payment intents.",,8.1,"T1552.001, T1098",no
Product search SQL injection with UNION data extraction,critical,OWASP Juice Shop 14.5.1 product search:3000,"Parameterize the product search query and avoid concatenating q into SQL; add query tests for quotes, comments, and UNION keywords.",,9.1,"T1190, T1505.003",no
Low-privilege users can enumerate cross-user basket item records,medium,OWASP Juice Shop 14.5.1 BasketItems API:3000,Scope BasketItems list queries to the authenticated user's basket IDs or require admin authorization for global listing.,,6.5,T1190,no
Low-privilege users can enumerate other users' complaint records,medium,OWASP Juice Shop 14.5.1 Complaints API:3000,Filter complaint records by the authenticated user's UserId unless the caller is an administrator.,,6.5,T1190,no
SQL Injection Authentication Bypass in /rest/user/login,critical,OWASP Juice Shop 14.5.1 on Node.js/Express:3000,Replace string-built SQL with parameterized queries/ORM filters and add regression tests for SQL metacharacters in login fields.,,9.8,"T1190, T1078",no
Unsigned JWT alg=none Accepted by B2B Orders API,critical,OWASP Juice Shop 14.5.1 NextGen B2B API:3000,"Pin accepted JWT algorithms to the expected asymmetric signing algorithm, require signature verification, validate issuer/audience/expiry, and reject alg=none tokens.",,9.1,"T1190, T1550",no
Public encryption key directory exposes JWT and premium secrets,high,OWASP Juice Shop 14.5.1 / Express static file service:3000,"Remove /encryptionkeys from public static routing, rotate exposed keys/secrets, and store secrets in environment/secret management outside the web root.",,8.1,"T1552, T1190",no
IDOR/BOLA in /api/Users/{id} exposes arbitrary user records,high,OWASP Juice Shop 14.5.1 / Node.js Express:3000,"Enforce object-level authorization so non-admin users can only read their own user record, and omit sensitive fields from returned user objects.",,8.1,"T1190, T1530",no
SQL injection in login grants admin session,critical,OWASP Juice Shop 14.5.1 / Node.js Express:3000,Parameterize login queries and validate email input; rotate tokens issued during exposure.,,9.8,"T1190, T1078",no
Exposed premium.key enables unauthorized deluxe membership upgrade,high,OWASP Juice Shop 14.5.1 / Express static directory listing:3000,"Remove premium.key from public web paths, disable directory listing, and validate upgrades server-side without client-supplied static secrets.",,8.1,"T1552.001, T1190",no
JWT algorithm confusion on B2B API accepts HS256 tokens signed with exposed RSA public key,high,OWASP Juice Shop NextGen B2B API 2.0.0,"Pin JWT verification to RS256 only, reject HS* and none for B2B tokens, and remove key material from public paths.",,8.6,"T1606, T1190",no
Reachable unsafe server-side JavaScript parser for B2B orderLinesData,medium,OWASP Juice Shop 14.5.1 B2B API:3000,"Replace notevil/eval-style parsing with JSON.parse plus strict schema validation, handle parse errors with 400 responses, and suppress stack traces in production.",,6.5,T1190,no
Unauthenticated Prometheus metrics exposure leaks runtime and business telemetry,medium,OWASP Juice Shop 14.5.1 on Node.js:3000,Restrict /metrics to authenticated administrators or an internal monitoring network and avoid exposing business-sensitive labels publicly.,,5.3,T1592,no
SQL Injection Authentication Bypass Grants Administrator Session,critical,OWASP Juice Shop / Node.js Express on 10.10.0.21:3000,Replace dynamic SQL in login with parameterized ORM queries/prepared statements and verify the password hash before issuing JWTs.,,9.8,"T1190, T1078",no
JWT alg=none authentication bypass grants admin/API access,critical,OWASP Juice Shop 14.5.1 / Node.js Express API:3000,"Configure JWT verification to allow only the expected signed algorithm, reject alg=none, and add regression tests for unsigned-token rejection.",,9.8,"T1190, T1606",no
B2B JWT RS256-to-HS256 algorithm confusion using exposed RSA public key,high,OWASP Juice Shop NextGen B2B API 2.0.0,"Pin B2B JWT verification to RS256 only, reject HS* algorithms, and remove algorithm selection based on token header.",,8.1,"T1190, T1606",no
Unsigned JWTs accepted via alg=none session validation bypass,critical,OWASP Juice Shop 14.5.1 JWT authentication:3000,"Configure JWT verification to require the expected asymmetric algorithm (RS256) and key, and reject alg=none and mixed-case algorithm variants.",,9.8,"T1550.003, T1078, T1190",no
Unsigned alg=none JWT Grants Admin API Access,critical,OWASP Juice Shop 14.5.1 API authentication middleware:3000,"Pin JWT verification to the expected signed algorithm, reject alg=none, validate issuer/audience/expiry, and never authorize from unverified claims.",,9.8,"T1190, T1550",no
IDOR/BOLA in /rest/basket/{id} exposes arbitrary baskets,medium,OWASP Juice Shop 14.5.1 / Node.js Express:3000,Enforce basket ownership checks on /rest/basket/{id}; non-admin users should only access baskets where Basket.UserId equals the authenticated user id.,,6.5,"T1190, T1530",no
JWT alg=none Signature Bypass Grants Administrator API Access,critical,OWASP Juice Shop / Node.js Express on 10.10.0.21:3000,Configure JWT verification with a strict algorithm allow-list and reject unsigned tokens; never trust the alg value supplied by the client.,,9.8,"T1606, T1190",no
Poisoned Null Byte Bypasses /ftp File Extension Allow-List,medium,OWASP Juice Shop /ftp artifact route:3000,"Reject null bytes before decoding, canonicalize with path.basename/path.resolve, and enforce an allow-list regex on the canonical filename.",,5.3,"T1083, T1005",no
SQL Injection Authentication Bypass in Login,critical,OWASP Juice Shop / Node.js Express on port 3000,Replace raw concatenated SQL with parameterized queries and add authentication rate limiting and logging for failed login attempts.,,9.8,"T1190, T1059",no
JWT RS256-to-HS256 Algorithm Confusion via Exposed Public Key,critical,OWASP Juice Shop / Node.js Express on 10.10.0.21:3000,"Remove public key exposure if unnecessary, rotate keys, and configure JWT verification with a strict RS256-only allow-list that cannot fall back to HMAC algorithms.",,9.8,"T1606, T1190",no
Unauthenticated Prometheus metrics exposure,low,OWASP Juice Shop 14.5.1 / Node.js Express:3000,Restrict /metrics to trusted monitoring networks or require a dedicated monitoring token; do not expose operational telemetry publicly.,,5.3,T1592,no
B2B API accepts unsigned JWT alg=none tokens,critical,OWASP Juice Shop / Node.js Express B2B API:3000,Pin the expected JWT signing algorithm and reject alg=none/unsigned tokens at the verifier.,,9.1,"T1190, T1550.001",no
Password change does not require current password re-authentication,high,OWASP Juice Shop 14.5.1 account management:3000,Require the current password (or fresh MFA/re-authentication) and use a POST/PUT request with CSRF protections before changing credentials.,,8.1,"T1098, T1078",no
Basket IDOR Allows Cross-Account Cart Access,high,OWASP Juice Shop / Node.js Express on 10.10.0.21:3000,Apply per-object authorization checks tying Basket.UserId to the authenticated JWT subject before returning /rest/basket/{id}.,,8.1,"T1190, T1078",no
JWT RS256-to-HS256 Algorithm Confusion Grants Admin API Access,critical,OWASP Juice Shop 14.5.1 API authentication middleware:3000,"Pin accepted JWT algorithms to RS256 only, keep asymmetric and symmetric key paths separate, and reject any token whose alg does not match the expected key type.",,9.8,"T1190, T1550",no
JWT RS256-to-HS256 algorithm confusion with exposed public key,critical,OWASP Juice Shop 14.5.1 JWT authentication:3000,"Pin JWT verification to RS256 only, reject HS* algorithms for these tokens, and avoid exposing or reusing asymmetric public keys as HMAC verification secrets.",,9.8,"T1550.003, T1078, T1190",no
JWT RS256-to-HS256 algorithm confusion via exposed public key,critical,OWASP Juice Shop / Node.js Express API:3000,Configure JWT verification to allow only RS256 for RSA tokens and reject any HS* token at RSA-protected endpoints.,,9.8,"T1190, T1550.001",no
JWT Tokens Expose Password Hashes and Full User Records,medium,OWASP Juice Shop / Node.js Express on 10.10.0.21:3000,"Issue JWTs with only minimal authorization claims (sub, role, exp) and exclude password hashes and internal user fields from token payloads.",,5.5,T1552,no
JWT Algorithm Confusion Allows Forged Admin Tokens,critical,OWASP Juice Shop / Node.js Express JWT validation on port 3000,"Pin JWT verification to RS256 for RSA keys, reject HS* algorithms for public-key tokens, rotate tokens, and remove unnecessary public key exposure if not required.",,9.8,"T1606, T1552, T1190",no
Login authentication bypass via SQL injection,critical,OWASP Juice Shop 14.5.1 / Node.js Express auth endpoint:3000,Replace string-built login SQL with parameterized ORM queries and verify the supplied password before issuing a JWT.,,9.8,"T1190, T1556",no
Authentication bypass via SQL injection in login email field,critical,OWASP Juice Shop / Node.js Express on 10.10.0.21:3000,"Parameterize the login query, verify passwords independently, return minimal JWT claims, and add regression tests for SQLi payloads in email.",,9.8,"T1190, T1078",no
Unsigned alg=none JWT accepted by B2B API,critical,OWASP Juice Shop 14.5.1 B2B API JWT validation:3000,"Pin JWT verification to RS256 (or the intended algorithm), reject alg=none, and validate issuer/audience/expiry before authorizing B2B actions.",,9.1,"T1190, T1606",no
Basket Object-Level Authorization Bypass via Sequential Basket ID,high,OWASP Juice Shop 14.5.1 basket API:3000,Enforce object ownership in the basket lookup by filtering on both basket id and authenticated user id; return a generic 404 for non-owned objects.,,8.1,"T1190, T1087",no
XML external entity expansion in deprecated B2B file upload discloses local files,high,OWASP Juice Shop 14.5.1 / Node.js Express file-upload XML parser:3000,"Disable XML external entity resolution, reject XML uploads on deprecated endpoints before parsing, and stop reflecting parsed upload content in errors.",,8.1,"T1190, T1005",no
Password Change Does Not Require Current Password,medium,OWASP Juice Shop / Node.js Express on 10.10.0.21:3000,Require the current password and verify it server-side before updating any account password.,,6.5,T1098,no
Unsigned JWT alg=none Accepted by B2B Orders API,critical,OWASP Juice Shop B2B API / JWT middleware on port 3000,"Disable alg=none support, pin allowed JWT algorithms server-side, update JWT libraries/configuration, and rotate all active tokens.",,9.1,"T1606, T1190",no
JWT RS256-to-HS256 algorithm confusion enables forged admin token,critical,OWASP Juice Shop 14.5.1 REST API JWT validation:3000,Pin JWT verification to the expected asymmetric algorithm and keep public keys out of HMAC verification paths.,,9.8,"T1190, T1606",no
SQL Injection Authentication Bypass in Login,critical,OWASP Juice Shop Node.js/Express on 10.10.0.21:3000,Use parameterized ORM queries for authentication and reject malformed email input before query execution.,,9.8,"T1190, T1552.001",no
XML External Entity Injection in File Upload Discloses Local Files,high,OWASP Juice Shop 14.5.1 file upload route:3000,"Disable DTD/entity resolution and network/file access in the XML parser, reject XML uploads if unused, and avoid reflecting parsed file contents in errors.",,8.6,"T1190, T1005",no
XML External Entity File Disclosure in File Upload,high,OWASP Juice Shop file-upload route on 10.10.0.21:3000,Disable DTD/external entity resolution in the XML parser and reject XML containing DOCTYPE or ENTITY declarations.,,8.6,"T1190, T1005",no
Unsigned alg=none JWT Accepted by B2B Orders API,critical,NextGen B2B API on OWASP Juice Shop 10.10.0.21:3000,Disable alg=none and hard-code the expected signing algorithm for B2B JWT verification.,,9.1,"T1190, T1528",no
Unsigned alg=none Administrator JWT Grants Protected API Access,critical,OWASP Juice Shop API on 10.10.0.21:3000,Reject unsigned JWTs and validate tokens only with the single expected asymmetric algorithm.,,9.8,"T1190, T1528, T1530",no
JWT RS256-to-HS256 Public-Key Confusion,critical,OWASP Juice Shop JWT validation on 10.10.0.21:3000,Pin JWT verification to RS256 and ensure asymmetric keys are never used as HMAC secrets.,,9.8,"T1190, T1528, T1552.004",no
Basket IDOR Allows Cross-User Basket Disclosure,high,OWASP Juice Shop basket API on 10.10.0.21:3000,Enforce object-level authorization by binding basket id lookups to the authenticated user's id.,,8.1,"T1190, T1530",no
FTP Extension Filter Bypass via Double-Encoded Null Byte,high,OWASP Juice Shop /ftp static file handler on 10.10.0.21:3000,"Canonicalize and fully decode paths before extension checks, reject null bytes, and serve files only by safe basename from an allow-list.",,8.1,"T1190, T1005",no
Unauthenticated FTP Directory Listing and Sensitive File Exposure,medium,OWASP Juice Shop /ftp directory on 10.10.0.21:3000,"Disable directory indexes, require authentication for file downloads, and remove backup/internal artifacts from the web root.",,6.5,"T1190, T1083, T1005",no
Unauthenticated Admin Application Configuration Disclosure,medium,OWASP Juice Shop admin configuration API on 10.10.0.21:3000,Require administrator authentication for configuration endpoints and redact sensitive runtime values from responses.,,6.5,"T1190, T1592.002",no
Unauthenticated Prometheus Metrics Disclosure,medium,OWASP Juice Shop metrics endpoint on 10.10.0.21:3000,Restrict metrics to localhost or authenticated monitoring networks and remove sensitive business labels.,,5.3,"T1190, T1592.002",no
Unauthenticated OpenAPI/Swagger Schema Disclosure for B2B API,low,Swagger UI / NextGen B2B API docs on 10.10.0.21:3000,Require authentication for API documentation or serve only a redacted public schema.,,4.3,"T1190, T1592.002",no
Verbose Express Error Pages Leak Framework Version and Server Paths,low,OWASP Juice Shop Express error handler on 10.10.0.21:3000,Disable development error pages in production and return generic errors while logging stack traces server-side only.,,3.7,"T1190, T1592.002",no
XML external entity expansion in /file-upload discloses local files,high,OWASP Juice Shop 14.5.1 /file-upload:3000,Disable DTD/external entity resolution for all XML parsers and remove reflective error messages containing uploaded XML.,,7.5,T1190,no
Low-Privilege User Can Leak Administrator Tokens via Authentication Details Endpoint,critical,OWASP Juice Shop / Node.js Express on 10.10.0.21:3000,Enforce per-user authorization on authentication-details and remove token/password/TOTP/reset fields from all API responses.,,9.1,"T1552, T1078, T1190",no
Basket object IDOR allows cross-account basket read,high,OWASP Juice Shop 14.5.1 REST basket API:3000,"Authorize basket access by comparing the requested basket's UserId to the authenticated user's id, or derive the basket id server-side from the token.",,7.5,"T1190, T1530",no
XML External Entity Injection in File Upload Discloses Local Files,high,OWASP Juice Shop file upload route on port 3000,"Disable XML external entity resolution and DOCTYPE processing, validate upload content types, and avoid reflecting parser errors containing file contents.",,8.6,"T1190, T1005, T1083",no
Low-privilege authentication details endpoint leaks admin JWTs,critical,OWASP Juice Shop 14.5.1 / REST user API:3000,Enforce object-level authorization and remove JWT/token fields from all user-detail responses; revoke exposed tokens.,,9.4,"T1552.001, T1078, T1190",no
Unsigned alg=none JWT accepted on B2B order API,critical,OWASP Juice Shop 14.5.1 / NextGen B2B API on Node.js v18.14.0,"Configure JWT verification with an explicit allowlist of strong algorithms, reject alg=none, and add regression tests for unsigned-token rejection.",,9.1,"T1190, T1606",no
JWT algorithm confusion via exposed public key used as HS256 secret,critical,OWASP Juice Shop 14.5.1 on Node.js v18.14.0,"Use asymmetric JWT verification with an explicit RS256-only algorithm allowlist, keep key material segregated by algorithm type, and reject HS256 tokens for RSA-key deployments.",,9.8,"T1190, T1606",no
Password change does not require current password,medium,OWASP Juice Shop 14.5.1 user password-change flow:3000,Require current-password reauthentication for password changes and move secrets from GET query parameters to a POST body.,,6.5,"T1098, T1550",no
Recoverable announcement due to deterministic textbook RSA per-character encryption,medium,OWASP Juice Shop FTP artifact server:3000,"Do not use textbook RSA; use randomized, authenticated encryption and keep crypto parameters/key material out of public artifact directories.",,5.3,"T1552.001, T1027",no
Basket Object-Level Authorization Bypass,high,OWASP Juice Shop REST basket API on port 3000,Add server-side ownership checks for every basket id and deny cross-user access unless the requester has an explicit administrative role.,,8.1,"T1190, T1078",no
User Management API Lacks Role-Based Access Control,high,OWASP Juice Shop / Node.js Express on 10.10.0.21:3000,"Enforce role-based authorization for /api/Users and other administrative APIs, returning 403 to non-admin JWT subjects.",,8.1,"T1190, T1078",no
JWT alg=none accepted on B2B API order endpoint,critical,OWASP Juice Shop 14.5.1 / Node.js Express B2B API:3000,"Disable alg=none, require cryptographic signature verification, and pin the expected JWT algorithm server-side.",,9.8,"T1190, T1552",no
JWT RS256-to-HS256 key confusion using exposed public key,critical,OWASP Juice Shop 14.5.1 / Node.js Express API:3000,"Pin JWT verification to RS256 only, reject symmetric algorithms for RSA tokens, and remove public web access to JWT key material.",,9.8,"T1190, T1552",no
SQL Injection Authentication Bypass in Login,critical,OWASP Juice Shop 14.5.1 / Node.js Express:3000,"Use parameterized queries for login, validate email syntax, and add tests that SQL metacharacters cannot alter authentication logic.",,9.8,"T1190, T1059",no
Unsigned alg=none JWT Accepted by B2B Orders API,critical,OWASP Juice Shop 14.5.1 B2B API / JWT auth:3000,Reject alg=none and enforce a strict allowlist of expected JWT algorithms server-side.,,9.1,"T1190, T1550",no
JWT RS256-to-HS256 Algorithm Confusion Using Exposed Public Key,critical,OWASP Juice Shop 14.5.1 / JWT authentication:3000,"Pin JWT verification to RS256 only, reject HS256 for asymmetric-key tokens, and avoid publishing keys under web-accessible routes unless required.",,9.8,"T1190, T1550",no
Low-Privilege Authentication Details Endpoint Leaks Reusable Admin JWTs,critical,OWASP Juice Shop 14.5.1 / REST API:3000,"Restrict authentication-detail dumps to administrators only and never return JWTs, password hashes, or TOTP secrets in API responses.",,9.8,"T1190, T1552, T1068",no
Basket Object-Level Authorization Bypass / IDOR,high,OWASP Juice Shop 14.5.1 / Basket REST API:3000,Enforce object ownership checks on every basket lookup and prefer deriving basket ID from the authenticated session rather than the URL.,,8.1,"T1190, T1005",no
Unauthenticated XXE Local File Disclosure in File Upload,high,OWASP Juice Shop 14.5.1 / file-upload XML parser:3000,"Disable DTD/external entity expansion, reject XML containing DOCTYPE/ENTITY declarations, and stop parsing files on deprecated routes.",,8.6,"T1190, T1005",no
FTP Artifact Extension Filter Bypass Exposes Sensitive Backups,medium,OWASP Juice Shop 14.5.1 / /ftp static artifact server:3000,"Remove backup files from web roots, disable directory listings, fully normalize paths before extension checks, and reject encoded null bytes.",,6.5,"T1190, T1083",no
Password Change Does Not Require Current Password,high,OWASP Juice Shop 14.5.1 / user password management:3000,"Move password changes to POST, require the current password or step-up authentication, and never place passwords in query strings.",,7.5,"T1190, T1098",no
Low-Privilege User Can Retrieve Valid Admin JWTs from Authentication Details Endpoint,critical,OWASP Juice Shop user authentication-details API on port 3000,"Enforce admin-only access, remove token/secret fields from responses, invalidate leaked tokens, and audit all accesses to this endpoint.",,9.8,"T1552, T1078, T1190",no
Unsigned alg=none JWT accepted by primary REST API,critical,OWASP Juice Shop 14.5.1 REST API JWT validation:3000,"Disable alg=none, enforce a fixed JWT algorithm allowlist, and validate issuer/audience/expiry in the shared REST authorization middleware.",,9.8,"T1190, T1606",no
UNION SQL Injection in Product Search Exfiltrates User Records,critical,OWASP Juice Shop product search API on 10.10.0.21:3000,Replace string-built SQL with parameterized ORM queries or bound parameters and escape LIKE wildcards.,,9.1,"T1190, T1005",no
Unauthenticated SQL Injection in Product Search,high,OWASP Juice Shop 14.5.1 / product search API:3000,Parameterize the product search query and add regression tests for SQL metacharacters in q.,,8.6,"T1190, T1005",no
SQL Injection Authentication Bypass in Login,critical,OWASP Juice Shop 20.0.0 on 10.10.0.21:3000,Replace string-concatenated SQL with parameterized queries and enforce password verification independent of the email lookup.,,9.8,"T1190, T1059",no
Password Change Does Not Require Current Password,high,OWASP Juice Shop user password-change API on port 3000,"Require the current password, move the operation to POST with CSRF protection, and invalidate existing sessions after password changes.",,8.1,"T1098, T1078",no
JWT signature bypass via alg=none and RS256-to-HS256 key confusion,critical,OWASP Juice Shop / Node.js Express on port 3000,"Pin accepted JWT algorithms to RS256, reject alg=none, separate asymmetric and HMAC verification paths, and validate issuer/audience/expiry.",,9.8,"T1190, T1552",no
Recoverable encrypted announcement due to textbook RSA per-character encryption and exposed bytecode,medium,OWASP Juice Shop FTP static artifacts on port 3000,Do not use textbook RSA or per-character deterministic encryption; use authenticated hybrid encryption and stop exposing encryption code/artifacts publicly.,,5.3,"T1552, T1027",no
JWT algorithm confusion permits forged admin tokens,critical,OWASP Juice Shop / Node.js Express on 10.10.0.21:3000,"Configure JWT verification to allow only RS256 for this issuer, separate asymmetric and symmetric key paths, reject untrusted alg headers, and stop serving signing material from web-accessible paths.",,9.8,"T1606, T1552, T1190",no
JWT remains valid after password change,medium,OWASP Juice Shop 14.5.1 JWT session handling:3000,Invalidate all existing sessions/JWTs when a password is changed by checking passwordChangedAt or a per-user token version in the auth middleware.,,6.5,T1550,no
Customer JWT Can Access Full Users API,high,OWASP Juice Shop 14.5.1 / Users API:3000,Add role-based authorization to /api/Users and redact sensitive user attributes from list responses.,,8.1,"T1190, T1005",no
Authentication bypass via SQL injection in login email field,critical,OWASP Juice Shop 6.2.0-SNAPSHOT / Node.js Express:3000,Parameterize the login query and add regression tests ensuring SQL metacharacters in email cannot alter query semantics.,,9.8,"T1190, T1078",no
JWT public-key algorithm confusion allows forged admin tokens,critical,OWASP Juice Shop 6.2.0-SNAPSHOT / Node.js Express JWT authentication:3000,Restrict JWT verification to the expected algorithm/key type and remove public key exposure if not required.,,9.8,"T1190, T1550.003, T1078",no
Unsigned alg=none JWT accepted by B2B order API,critical,OWASP Juice Shop 6.2.0-SNAPSHOT B2B API:3000,Disable unsigned JWTs and require signature verification on all B2B API routes.,,9.1,"T1190, T1550.003",no
Low-privilege user can leak and reuse all users' authentication tokens,critical,OWASP Juice Shop 6.2.0-SNAPSHOT user authentication details API:3000,Implement object-level authorization and remove token material from authentication-details responses.,,9.8,"T1190, T1550, T1078",no
Missing RBAC Allows Any Customer to Enumerate All Users,high,OWASP Juice Shop REST user collection API on port 3000,Require administrator authorization for /api/Users and restrict returned fields to the minimum necessary.,,8.1,"T1190, T1087, T1552",no
Password Change Does Not Require Current Password,high,OWASP Juice Shop account API on 10.10.0.21:3000,Require the current password or step-up authentication before accepting a password change.,,8.1,"T1539, T1098",no
Any Authenticated Customer Can Retrieve Full User Database,high,OWASP Juice Shop Users API on 10.10.0.21:3000,Enforce administrator role checks for user-list endpoints and return only self data to normal customers.,,8.1,"T1190, T1530",no
Cross-account basket read IDOR,high,OWASP Juice Shop 14.5.1,Enforce object ownership by filtering basket queries on both basket id and authenticated user id.,,8.1,"T1190, T1530",no
Low-privileged users can dump authentication details and reusable JWTs,critical,OWASP Juice Shop 14.5.1,Restrict authentication-detail exports to authorized administrators and never serialize reusable tokens or secrets.,,9.8,"T1190, T1552, T1078",no
Password change does not require current password,high,OWASP Juice Shop 14.5.1,"Require the current password, use POST with CSRF protection, and reject changes unless current-password verification succeeds.",,8.1,"T1190, T1098",no
SQL injection login bypass returns admin JWT,critical,OWASP Juice Shop 14.5.1,Replace string-concatenated SQL with parameterized queries/ORM predicates and add login SQLi regression tests.,,9.8,"T1190, T1059",no
JWT Signature Verification Bypass via alg=none,critical,OWASP Juice Shop 20.0.0 API on 10.10.0.21:3000,Configure JWT verification to require a trusted key and an explicit allow-list of strong algorithms; never accept alg=none in production.,,9.8,"T1190, T1550.003",no
Encoded coupon backup exposed via FTP bypass,low,OWASP Juice Shop FTP artifact server:3000,"Remove backup files from public directories, reject encoded null-byte path tricks, and do not rely on reversible encoding for secrets.",,3.7,T1552.001,no
Unauthenticated User Registration Mass Assignment to Admin Role,critical,OWASP Juice Shop 14.5.1 / user registration API:3000,Whitelist assignable registration fields server-side and force role/customer state independent of client input.,,9.8,"T1190, T1068, T1098",no
Unauthenticated Administrative Application Configuration Disclosure,medium,OWASP Juice Shop admin configuration API on port 3000,Require admin authentication for full configuration and serve only sanitized public configuration to unauthenticated clients.,,6.5,"T1592, T1190",no
Unauthenticated registration role mass assignment creates admin accounts,critical,OWASP Juice Shop 14.5.1 user registration API:3000,Use a strict allowlist for registration input and assign role/customer privileges only on the server side.,,9.8,"T1190, T1136",no
Unauthenticated Disclosure of Premium Encryption Key,high,OWASP Juice Shop static encryption key exposure on port 3000,"Remove key files from the web root, rotate the exposed premium key, and load secrets only from a server-side secret manager or environment variable.",,7.5,"T1552, T1190",no
FTP poisoned-null-byte allow-list bypass exposes blocked source/config artifacts,medium,OWASP Juice Shop 14.5.1 on Node.js/Express:3000,Reject encoded null bytes/path tricks before extension checks and never serve backup/source artifacts from a public directory.,,6.5,"T1083, T1552",no
Exposed JWT public key enables HS256 administrator token forgery,critical,OWASP Juice Shop 14.5.1 JWT authentication:3000,"Pin JWT verification to RS256, reject algorithm switching, and remove public key material from browseable directories where possible.",,9.8,"T1552, T1190, T1606",no
JWT Not Revoked After Password Change,medium,OWASP Juice Shop 14.5.1 / JWT session management:3000,Include a per-user token version or passwordChangedAt claim in JWTs and increment it on password reset/change; shorten JWT lifetime.,,6.8,"T1550, T1098",no
Basket IDOR allows cross-account basket access,high,OWASP Juice Shop / Node.js Express on 10.10.0.21:3000,Check that the authenticated user's ID owns the requested basket before returning it; return 403 for cross-account access and add BOLA regression tests.,,8.1,"T1190, T1098",no
Unauthenticated XXE local file disclosure in file upload,high,OWASP Juice Shop 14.5.1 file-upload endpoint:3000,"Disable DTD and external-entity resolution in XML parsers, reject XML containing DOCTYPE/ENTITY, and avoid reflecting parsed upload content in error pages.",,7.5,"T1190, T1005",no
JWT sessions remain valid after password change,medium,OWASP Juice Shop 14.5.1,Bind JWT validity to a server-side token version or passwordChangedAt timestamp and revoke existing sessions on password change.,,6.5,"T1078, T1550",no
JWT Not Invalidated After Password Change,medium,OWASP Juice Shop session/JWT handling on port 3000,"Invalidate all existing sessions/tokens on password change using token versioning or a revocation list, and shorten JWT lifetime.",,6.8,"T1078, T1550",no
State-Changing B2B Order Creation with Forged Unsigned JWT,critical,OWASP Juice Shop 20.0.0 B2B API on 10.10.0.21:3000,Apply centralized JWT verification with an explicit algorithm allow-list to B2B routes and reject unsigned tokens before order processing.,,9.1,"T1190, T1550.003",no
Unauthenticated security-question disclosure enables user enumeration,medium,OWASP Juice Shop 14.5.1 password reset flow:3000,Do not disclose recovery questions or account existence before verifying user control; use generic reset initiation responses and rate limiting.,,5.3,"T1589, T1110",no
JWT public-key confusion allows forged admin tokens,critical,OWASP Juice Shop 6.2.0-SNAPSHOT / Node.js Express JWT auth:3000,"Pin allowed JWT algorithms to RS256, reject alg=none/HS256 for RSA keys, rotate signing keys, and stop exposing key material from web-accessible paths.",,9.8,"T1190, T1552",no
Unauthenticated SQL injection in login returns admin JWT,critical,OWASP Juice Shop 6.2.0-SNAPSHOT / /rest/user/login:3000,Use parameterized queries/ORM bind variables for login lookups and add server-side input validation.,,9.8,T1190,no
Textbook RSA encryption permits offline decryption of protected announcement,medium,OWASP Juice Shop FTP artifacts / encrypt.pyc and announcement_encrypted.md:3000,"Replace raw RSA with authenticated encryption, or RSA-OAEP only for encrypting random symmetric keys.",,5.3,T1552,no
Premium key exposed over unauthenticated HTTP,medium,OWASP Juice Shop encryption key static file service:3000,"Remove key files from the web root, rotate the exposed key, and store secrets server-side only.",,5.3,T1552.001,no
JWT Sessions Remain Valid After Password Change,medium,OWASP Juice Shop / Node.js Express on 10.10.0.21:3000,Invalidate all existing sessions on password change by tracking token versions or passwordChangedAt and checking them on every JWT-authenticated request.,,6.5,T1078,no
Package metadata backup exposed via FTP poisoned-null-byte bypass,medium,OWASP Juice Shop 6.2.0-SNAPSHOT /ftp static file listing:3000,"Disable directory listing, remove backup files from the web root, normalize/decode paths before validation, and reject null-byte sequences.",,5.3,"T1083, T1552",no
Exposed Premium Key Enables Free Deluxe Membership Upgrade,high,OWASP Juice Shop 14.5.1 / deluxe membership API:3000,Remove premium.key from the web root and bind deluxe upgrades to server-side payment verification rather than bearer tokens.,,8.1,"T1190, T1552, T1098",no
Mass Assignment Allows Unauthenticated Admin Account Creation,critical,OWASP Juice Shop user registration API on port 3000,"Implement server-side field allow-listing for registration, force role to customer, and audit/remove any admin accounts created through mass assignment.",,9.8,"T1190, T1098, T1078",no
JWTs Remain Valid After Password Change,medium,OWASP Juice Shop session/JWT handling on 10.10.0.21:3000,Track passwordChangedAt/tokenVersion and reject tokens issued before the latest credential change.,,6.5,"T1528, T1539",no
Exposed textbook RSA encryption artifact allows decryption of confidential announcement,medium,OWASP Juice Shop 14.5.1 static /ftp artifacts:3000,"Remove sensitive crypto artifacts from the public /ftp directory and use randomized authenticated encryption, e.g. AES-GCM with RSA-OAEP key wrapping, instead of textbook RSA.",,6.5,"T1552, T1020",no
Exposed Premium Key Enables Unauthorized Deluxe Membership Activation,high,OWASP Juice Shop 20.0.0 on 10.10.0.21:3000,"Remove exposed keys from public routes, rotate the premium key, and validate membership activation using server-side one-time secrets or completed payment state.",,8.1,"T1552.001, T1190",no
FTP Download Allow-List Bypass Exposes Backup Files,medium,OWASP Juice Shop /ftp static file route on port 3000,"Reject encoded null bytes, canonicalize paths before extension checks, and remove backup/source files from public directories.",,6.5,"T1190, T1083, T1592",no
Password change does not require current password,medium,OWASP Juice Shop / Node.js Express on 10.10.0.21:3000,"Require the current password for password changes, move secrets out of query strings by using POST body fields, and omit password hashes from API responses.",,6.5,"T1098, T1078",no
JWT payload discloses password hash and sensitive user fields,medium,OWASP Juice Shop 14.5.1 login/JWT issuance:3000,"Issue minimal JWT claims and exclude password hashes, TOTP secrets, tokens, and other sensitive model fields from all client-visible auth material.",,5.9,T1552,no
Exposed Premium Key Enables Free Deluxe Membership Activation,high,OWASP Juice Shop encryption keys and deluxe membership API on 10.10.0.21:3000,Remove premium.key from the web root and replace key-based activation with server-side payment verification.,,8.1,"T1552.001, T1190",no
Unauthenticated Registration Accepts role=admin Mass Assignment,critical,OWASP Juice Shop user registration API on 10.10.0.21:3000,Use an explicit allow-list of registration fields and force role=customer server-side for self-service signups.,,9.8,"T1190, T1098",no
JWT payload discloses user password hash,medium,OWASP Juice Shop authentication API:3000,"Remove password, totpSecret, and other sensitive database columns from JWT claims; issue minimal tokens containing only authorization claims.",,6.5,"T1552.001, T1110.002",no
Double-encoded null-byte bypass exposes blocked /ftp backup artifacts,medium,OWASP Juice Shop 14.5.1 / Express static file download handler:3000,Normalize and repeatedly decode filenames before validation; reject null bytes and serve files only by safe basename and strict extension allowlist.,,6.5,"T1083, T1552",no
Public RSA key exposed and accepted as HS256 HMAC secret for admin JWT forgery,critical,OWASP Juice Shop 14.5.1 JWT authentication:3000,Do not publish JWT key material and enforce a server-side algorithm allowlist such as RS256 only; never trust the token-selected algorithm.,,9.8,"T1552, T1606, T1190",no
Unsigned alg=none JWT grants privileged API access,critical,OWASP Juice Shop 14.5.1 JWT authentication:3000,Disable alg=none and enforce an explicit expected signing algorithm and issuer/audience validation for all JWT verification paths.,,9.8,"T1606, T1190",no
Password Recovery Question Enumeration,medium,OWASP Juice Shop password recovery API on port 3000,"Avoid exposing recovery questions by email lookup, return uniform responses, and require a verified reset flow with rate limiting.",,5.3,"T1589, T1110",no
SQL injection authentication bypass in login endpoint,critical,OWASP Juice Shop 14.5.1 /rest/user/login:3000,Replace string-concatenated SQL with ORM parameter binding/prepared statements and validate login inputs.,,9.8,"T1190, T1059",no
Unauthenticated premium.key secret exposure,medium,OWASP Juice Shop 14.5.1 static encryptionkeys directory:3000,"Remove secrets from public static directories, rotate the exposed key, and load secrets only from a secret manager or protected environment variables.",,6.5,"T1552.001, T1190",no
Mass Assignment Allows Unauthenticated Admin User Creation,critical,OWASP Juice Shop 20.0.0 API on 10.10.0.21:3000,Implement server-side field allow-listing for registration and force role='customer'; restrict role changes to authenticated admin-only workflows with audit logging.,,9.8,"T1190, T1068",no
Exposed Premium Key Allows Unauthorized Deluxe Membership Upgrade,high,OWASP Juice Shop / Node.js Express on 10.10.0.21:3000,"Remove /encryptionkeys/premium.key from public access, rotate the key, and authorize deluxe upgrades based on server-side payment state rather than a client-submitted shared secret.",,8.1,"T1552, T1098",no
Unauthenticated Security Question Disclosure and Email Enumeration,medium,OWASP Juice Shop 14.5.1 / password recovery API:3000,"Return uniform recovery responses, require anti-automation controls, and avoid disclosing recovery questions until the user has passed an appropriate verification step.",,5.3,"T1190, T1589",no
Exposed premium key grants deluxe membership without payment,high,OWASP Juice Shop 14.5.1 deluxe membership workflow:3000,"Remove premium.key from public exposure, rotate it, and verify upgrades server-side with a payment provider rather than a replayable static secret.",,8.1,"T1190, T1552, T1098",no
Unauthenticated role mass assignment creates admin accounts,critical,OWASP Juice Shop 14.5.1 user registration API:3000,Apply server-side allowlist binding for registration fields and always assign role=customer on self-registration.,,9.8,"T1190, T1098",no
Exposed premium key activates deluxe membership without payment,high,OWASP Juice Shop 14.5.1 deluxe membership flow:3000,"Remove the public premium key, rotate it, and authorize membership upgrades using server-side purchase/payment records rather than a reusable shared secret.",,8.1,"T1552, T1098",no
JWT RS256-to-HS256 Algorithm Confusion Using Exposed Public Key,critical,OWASP Juice Shop 20.0.0 API on 10.10.0.21:3000,"Pin accepted JWT algorithms to RS256, reject HS256 for RSA-key tokens, remove exposed key files from public routes, and rotate the JWT keypair.",,9.8,"T1190, T1552.001, T1550.003",no
Login JWT Payload Exposes Password Hash and Full User Model,medium,OWASP Juice Shop 14.5.1 / JWT session issuance:3000,"Issue minimal JWT claims only, rotate existing tokens, and migrate password storage from unsalted MD5 to a modern password KDF.",,6.5,"T1552, T1606",no
Deterministic Textbook RSA Allows Public Decryption of Encrypted Announcement,medium,OWASP Juice Shop /ftp announcement encryption artifact on port 3000,Replace deterministic per-character RSA with randomized RSA-OAEP or hybrid AEAD encryption and rotate/re-encrypt exposed announcements.,,5.9,"T1552, T1140",no
Unsigned JWT alg=none accepted for admin API access,critical,OWASP Juice Shop / Node.js Express on 10.10.0.21:3000,"Upgrade/secure JWT verification, explicitly allow only the expected signed algorithm, and reject alg=none/untrusted alg headers.",,9.8,"T1606, T1190",no
Adjacent Juice Shop accepts unsigned alg=none admin JWT,high,OWASP Juice Shop 20.0.0,Upgrade/fix JWT verification to reject unsigned tokens and validate role claims server-side.,,8.1,"T1550.001, T1190",no
Exposed premium key enables unauthorized deluxe membership upgrade,high,OWASP Juice Shop 6.2.0-SNAPSHOT / deluxe membership API:3000,"Remove public key exposure, rotate the premium key, and replace static-key membership activation with server-side payment/order authorization checks.",,8.1,"T1552.001, T1190",no
Exposed premium.key grants replayable deluxe membership upgrade,medium,OWASP Juice Shop 14.5.1 /encryptionkeys and /rest/deluxe-membership:3000,"Remove /encryptionkeys from public static serving and replace the global premium key with per-user, single-use, expiring redemption codes stored only as hashes server-side.",,6.5,"T1552, T1190",no
Login JWT discloses MD5 password hash and full user model,medium,OWASP Juice Shop 14.5.1 authentication service:3000,Issue minimal JWT claims only; remove password hashes and full ORM records from token payloads and rotate tokens after deploying the fix.,,6.5,"T1552, T1606",no
Security question endpoint enables account enumeration and recovery-question disclosure,medium,OWASP Juice Shop 14.5.1 account recovery API:3000,"Return uniform responses for account-recovery lookups, require proof of account control before showing recovery questions, and rate-limit enumeration attempts.",,5.3,"T1589, T1190",no
BasketItem Cross-Account Update BOLA,high,OWASP Juice Shop 14.5.1 / BasketItems API:3000,Enforce object ownership through the parent Basket.UserId before updating or deleting BasketItems.,,8.1,"T1190, T1565",no
Password Change Does Not Require Current Password,medium,OWASP Juice Shop 20.0.0 on 10.10.0.21:3000,"Require current-password reauthentication for password changes, use POST with CSRF protections, and revoke existing sessions after password changes.",,6.5,"T1098, T1550.003",no
Adjacent Juice Shop JWT public-key/HMAC confusion,high,OWASP Juice Shop 20.0.0,Enforce explicit JWT algorithms and correct key types; remove public key exposure if not required.,,8.1,"T1550.001, T1190",no
Exposed Premium Key Allows Unauthorized Deluxe Membership Upgrade,high,OWASP Juice Shop deluxe membership API on port 3000,"Remove /encryptionkeys/premium.key from public access, rotate the key, and replace static-token upgrades with server-side payment/entitlement verification.",,8.1,"T1552, T1098, T1190",no
Unauthenticated registration role mass-assignment creates admin users,critical,OWASP Juice Shop / Node.js Express on 10.10.0.21:3000,Implement server-side field whitelisting for registration and set role/customer status only on the server; audit for existing unauthorized admin accounts.,,9.8,"T1098, T1190",no
Cross-instance premium.key secret reuse enables deluxe membership upgrade,medium,OWASP Juice Shop 20.0.0,"Rotate and scope premium keys per instance, remove public exposure, and require server-side entitlement validation.",,6.5,"T1552.001, T1550.001",no
Any authenticated customer can read all user records via /api/Users,high,OWASP Juice Shop 14.5.1 user API:3000,Require an administrative role for user-list APIs and restrict returned fields to the minimum required.,,8.1,"T1190, T1530",no
Cross-instance JWT signing-key reuse allows admin token replay,high,OWASP Juice Shop 20.0.0 on adjacent host 10.10.0.20:3000,Rotate JWT signing keys per instance and enforce issuer/audience binding so tokens from one host cannot authorize another.,,8.6,"T1550.001, T1190",no
Login JWT Payload Discloses Password MD5 Hashes,high,OWASP Juice Shop JWT/session issuance on port 3000,"Issue JWTs with minimal claims only, remove password/totp/deluxeToken fields from token payloads, and rotate all tokens issued with sensitive claims.",,7.5,"T1552, T1078",no
JWT algorithm confusion allows forged admin tokens (alg=none and RS256→HS256),critical,OWASP Juice Shop on 10.10.0.21:3000,"Pin JWT verification to the expected asymmetric algorithm, reject alg=none and HS* for RS256 tokens, rotate keys, and remove key material from public static paths.",,9.8,"T1190, T1552, T1606",no
Broken Object-Level Authorization on Basket Retrieval,high,OWASP Juice Shop 20.0.0 on 10.10.0.21:3000,Enforce object ownership checks on /rest/basket/:id and return 403 when the authenticated user does not own the basket.,,8.1,"T1190, T1087",no
Unsigned alg=none JWT Accepted by General Protected API Middleware,critical,OWASP Juice Shop JWT middleware on port 3000,"Disable alg=none, pin JWT verification algorithms server-side, update JWT libraries/configuration, and rotate all active tokens.",,9.8,"T1606, T1190, T1078",no
Unauthenticated Prometheus Metrics Exposure,low,OWASP Juice Shop 14.5.1 / Prometheus metrics endpoint:3000,Restrict /metrics to authenticated administrators or an internal monitoring network and remove sensitive labels where possible.,,5.3,"T1190, T1592",no
Customer Can Create Public Product Records with Stored HTML,high,OWASP Juice Shop 14.5.1 / Products API:3000,Restrict product create/update/delete endpoints to administrators and sanitize/encode product fields before display.,,8.1,"T1190, T1565, T1059.007",no
Exposed premium.key replays to upgrade any account to deluxe membership,medium,OWASP Juice Shop 14.5.1 entitlement/deluxe-membership feature:3000,"Remove public access to `/encryptionkeys/premium.key` and replace static replayable keys with one-time, user-bound server-side purchase validation.",,6.5,"T1552, T1190",no
Customer Can Modify Existing Product Records and Prices,high,OWASP Juice Shop 14.5.1 / Products API:3000,Restrict product updates to administrators and audit all price/catalog changes.,,8.1,"T1190, T1565",no
Customer Role Can Read Full User Directory,high,OWASP Juice Shop 20.0.0 API on 10.10.0.21:3000,Enforce admin-only authorization on /api/Users and minimize returned user fields.,,7.5,"T1190, T1087.001",no
Cross-instance JWT signing key reuse enables token replay,high,OWASP Juice Shop instances on 10.10.0.21:3000 and 10.10.0.20:3000,Use unique signing keys and issuer/audience validation per deployment; rotate reused JWT and premium keys immediately.,,8.8,"T1550.001, T1552.001",no
Product Search SQL Injection,high,OWASP Juice Shop 14.5.1 / product search API:3000,Parameterize the product search query and add regression tests for SQL metacharacters in q.,,8.6,"T1190, T1005",no
Customer JWT Can Access Full Users API,high,OWASP Juice Shop 14.5.1 / Users API:3000,Add role-based authorization to /api/Users and redact sensitive user attributes from list responses.,,8.1,"T1190, T1005",no
Unauthenticated User Registration Mass Assignment to Admin Role,critical,OWASP Juice Shop 14.5.1 / user registration API:3000,Whitelist assignable registration fields server-side and force role/customer state independent of client input.,,9.8,"T1190, T1068, T1098",no
JWT Not Revoked After Password Change,medium,OWASP Juice Shop 14.5.1 / JWT session management:3000,Include a per-user token version or passwordChangedAt claim in JWTs and increment it on password reset/change; shorten JWT lifetime.,,6.8,"T1550, T1098",no
Exposed Premium Key Enables Free Deluxe Membership Upgrade,high,OWASP Juice Shop 14.5.1 / deluxe membership API:3000,Remove premium.key from the web root and bind deluxe upgrades to server-side payment verification rather than bearer tokens.,,8.1,"T1190, T1552, T1098",no
Unauthenticated Security Question Disclosure and Email Enumeration,medium,OWASP Juice Shop 14.5.1 / password recovery API:3000,"Return uniform recovery responses, require anti-automation controls, and avoid disclosing recovery questions until the user has passed an appropriate verification step.",,5.3,"T1190, T1589",no
Login JWT Payload Exposes Password Hash and Full User Model,medium,OWASP Juice Shop 14.5.1 / JWT session issuance:3000,"Issue minimal JWT claims only, rotate existing tokens, and migrate password storage from unsalted MD5 to a modern password KDF.",,6.5,"T1552, T1606",no
BasketItem Cross-Account Update BOLA,high,OWASP Juice Shop 14.5.1 / BasketItems API:3000,Enforce object ownership through the parent Basket.UserId before updating or deleting BasketItems.,,8.1,"T1190, T1565",no
Adjacent Juice Shop Instance Accepts Unsigned alg=none Admin JWTs,critical,OWASP Juice Shop 20.0.0 / JWT authentication:3000,"Disable alg=none, enforce a strict JWT algorithm allowlist, and isolate signing trust between instances.",,9.1,"T1190, T1550",no
Global Basket Read IDOR,high,OWASP Juice Shop 14.5.1 / Basket REST API:3000,Authorize basket access by authenticated user ownership and avoid exposing arbitrary basket IDs.,,8.1,"T1190, T1005",no
Unauthenticated Prometheus Metrics Exposure,low,OWASP Juice Shop 14.5.1 / Prometheus metrics endpoint:3000,Restrict /metrics to authenticated administrators or an internal monitoring network and remove sensitive labels where possible.,,5.3,"T1190, T1592",no
Customer Can Create Public Product Records with Stored HTML,high,OWASP Juice Shop 14.5.1 / Products API:3000,Restrict product create/update/delete endpoints to administrators and sanitize/encode product fields before display.,,8.1,"T1190, T1565, T1059.007",no
Customer Can Modify Existing Product Records and Prices,high,OWASP Juice Shop 14.5.1 / Products API:3000,Restrict product updates to administrators and audit all price/catalog changes.,,8.1,"T1190, T1565",no
Unauthenticated Feedback Records Exposure,low,OWASP Juice Shop 14.5.1 / Feedbacks API:3000,"Require authorization for raw feedback APIs or expose only curated, fully anonymized public testimonials.",,5.3,"T1190, T1005",no
Unauthenticated ChromaDB API Exposes GENESIS Knowledge Collections,high,ChromaDB/FastAPI 0.5.18,Do not expose ChromaDB directly; require authentication and network isolation for all ChromaDB API routes.,,8.1,"T1580, T1213",no
SQL Injection in Product Search Query,high,OWASP Juice Shop product search API on port 3000,"Use parameterized queries/bind variables for search, escape LIKE metacharacters, and add regression tests for SQL metacharacter payloads.",,8.2,T1190,no
Stored Scriptable HTML Injection in Product Fields,high,OWASP Juice Shop product administration/search APIs on port 3000,"Sanitize product fields on input, encode on output, disallow dangerous tags/URI schemes, and enforce CSP to reduce XSS impact.",,8.0,"T1190, T1059.007",no
XXE Local File Disclosure in File Upload XML Parser,high,OWASP Juice Shop 20.0.0 file upload on 10.10.0.21:3000,"Disable DTD/external entity resolution for XML parsing, block file/network entity access, and avoid reflecting parsed XML contents in error pages.",,8.6,"T1190, T1005",no
Unauthenticated ChromaDB Exposes Vulnerability Intelligence,high,ChromaDB 0.5.18 / FastAPI on 10.10.0.1:8001,"Remove public/network exposure of ChromaDB, require authentication/authorization for all collection APIs, and purge or encrypt sensitive security/session documents.",,8.6,"T1552, T1580, T1087",no
Exposed JWT public key enables HS256/RS256 key-confusion admin JWT forgery,critical,OWASP Juice Shop 14.5.1,Remove public access to key material and enforce a strict JWT algorithm allowlist with separate keys for asymmetric and HMAC algorithms.,,9.8,"T1190, T1552",no
Exposed hardcoded premium.key grants Deluxe membership,high,OWASP Juice Shop 14.5.1,"Remove the exposed key, rotate it immediately, and replace shared-key activation with server-side purchase validation and single-use tokens.",,7.5,"T1190, T1552",no
"Unauthenticated Prometheus metrics expose version, upload history, and operational data",medium,OWASP Juice Shop 14.5.1,"Require authentication or internal-network access for /metrics, or bind metrics to a non-public monitoring interface.",,5.3,T1592,no
Publicly exposed quarantine shortcut to native malware executable,medium,OWASP Juice Shop on 10.10.0.21:3000,Remove quarantine artifacts from the public web root and deny unauthenticated access to /ftp/quarantine/*.,,6.5,T1190,no
Authentication bypass via SQL injection in login email field,critical,OWASP Juice Shop Node/Express application:3000,Parameterize login queries and compare credentials only after selecting a single user by normalized email.,,9.8,"T1190, T1556",no
JWT signature bypass via alg=none accepted on protected APIs,critical,OWASP Juice Shop JWT authentication:3000,Configure a strict JWT algorithms allowlist and reject unsigned tokens unconditionally.,,9.8,"T1550, T1190",no
JWT RS256-to-HS256 key confusion using exposed jwt.pub,critical,OWASP Juice Shop JWT authentication:3000,Remove public key material from web paths and pin JWT verification to RS256 only with key-type validation.,,9.8,"T1550, T1190",no
Password change does not require current password,high,OWASP Juice Shop account management:3000,Require the current password or strong re-authentication before accepting password changes.,,8.1,T1098,no
Cross-account basket IDOR/BOLA,high,OWASP Juice Shop basket API:3000,Enforce object ownership checks on every basket access.,,8.1,T1190,no
Low-privilege users can enumerate all users via /api/Users,high,OWASP Juice Shop user API:3000,Require an admin role for user-list APIs and filter sensitive fields from responses.,,8.1,T1190,no
Unauthenticated admin account creation via role mass assignment,critical,OWASP Juice Shop user registration:3000,Whitelist registration fields server-side and assign roles only through trusted administrative workflows.,,9.8,"T1098, T1190",no
JWT payload leaks MD5 password hashes,medium,OWASP Juice Shop JWT authentication:3000,Remove password hashes and all sensitive fields from JWT claims and rotate tokens issued with leaked claims.,,6.5,T1552,no
Login JWT Leaks User Password Hashes,medium,OWASP Juice Shop 20.0.0 authentication on 10.10.0.21:3000,"Issue JWTs with minimal non-sensitive claims only, remove password/hash fields from token payloads and API serializers, and migrate password storage from MD5 to Argon2id or bcrypt with per-user salts.",,6.5,"T1552.001, T1110.002",no
Unauthenticated Security Question Disclosure and Account Enumeration,medium,OWASP Juice Shop authentication recovery on 10.10.0.21:3000,"Return uniform recovery responses for existing and nonexistent accounts, rate-limit recovery lookups, and avoid exposing security questions before a verified recovery step.",,5.3,"T1589.002, T1110",no
Cross-host JWT replay enables application-layer lateral movement,high,OWASP Juice Shop on 10.10.0.20:3000 and 10.10.0.21:3000 using shared JWT trust material,"Rotate JWT keys per host/environment, reject tokens without the expected issuer/audience, and invalidate tokens issued before key rotation.",,8.8,"T1550.001, T1078",no
Public encrypted announcement recoverable via textbook RSA and leaked bytecode constants,medium,OWASP Juice Shop static FTP artifacts on 10.10.0.21:3000,Remove encrypted confidential artifacts and encryption bytecode from public static directories; replace textbook RSA with standard authenticated encryption or properly padded hybrid encryption.,,5.3,"T1552, T1027",no
Unauthenticated Exposure of KeePass Password Vault Artifact,high,OWASP Juice Shop 20.0.0 static FTP artifacts on 10.10.0.21:3000,"Remove password vaults from public web paths, require authentication/authorization for support artifacts, and rotate any credentials contained in the exposed vault.",,7.5,"T1552.001, T1589",no
Session JWT exposes user's MD5 password hash,medium,OWASP Juice Shop 14.5.1 / Node.js v18.14.0,Never place password hashes or other secrets in client-visible JWT claims; issue minimal opaque/session claims and use bcrypt/argon2 for stored password hashes.,,6.5,"T1552, T1110.002",no
Unauthenticated Prometheus Metrics Exposure,medium,OWASP Juice Shop 20.0.0 metrics endpoint on 10.10.0.21:3000,Require authentication or network allow-listing for /metrics and avoid exposing business-sensitive metric labels publicly.,,5.3,T1592.002,no
JWT RS256-to-HS256 algorithm confusion allows forged bearer tokens,critical,OWASP Juice Shop 14.5.1 / Node.js v18.14.0,"Pin JWT verification to RS256 only, separate asymmetric and HMAC key paths, rotate keys, and invalidate previously issued/forged tokens.",,9.1,"T1552, T1606",no
JWT Sessions Remain Valid After Password Change,medium,OWASP Juice Shop 20.0.0 authentication/session management on 10.10.0.21:3000,"Invalidate all existing sessions/JWTs on password changes by checking token version, passwordChangedAt, or a revocation list during every authenticated request.",,6.5,"T1550.003, T1098",no
SQL Injection Authentication Bypass Yields Admin JWT,critical,OWASP Juice Shop 14.5.1,Replace string-concatenated login queries with parameterized ORM queries/prepared statements and validate login input server-side.,,9.8,"T1190, T1552",no
JWT Algorithm/Key Confusion in B2B API Using Exposed Public Key,critical,OWASP Juice Shop 14.5.1 NextGen B2B API:3000,"Pin JWT verification to RS256 with an RSA public key object, reject HS* algorithms, and prevent public key material from being usable as an HMAC secret.",,9.1,"T1190, T1606",no
Authentication bypass via SQL injection in login email field,critical,OWASP Juice Shop 14.5.1,Replace string-built SQL in login with parameterized queries and add regression tests for SQLi login bypass payloads.,,9.8,"T1190, T1078",no
Customer Role Can Read Arbitrary User Records by ID,high,OWASP Juice Shop 20.0.0 API on 10.10.0.21:3000,"Restrict /api/Users/:id to the subject user or admins, and minimize the fields returned for non-admin self-service reads.",,7.5,"T1190, T1087.001",no
SQL injection in login bypasses authentication and issues administrator JWT,critical,OWASP Juice Shop 14.5.1 / Node.js v18.14.0,Replace raw SQL string concatenation in login with parameterized queries/ORM predicates and add input validation plus regression tests for SQL metacharacters.,,9.8,"T1190, T1556",no
Unauthenticated ChromaDB API Exposes Internal Session Memory,medium,ChromaDB 0.5.18 / FastAPI on 10.10.0.1:8001,"Require authentication for ChromaDB, restrict network exposure, and purge sensitive session data from vector collections.",,6.5,"T1213, T1552.001",no
Unsigned JWT accepted for administrator authorization,critical,OWASP Juice Shop 14.5.1 JWT authorization:3000,Pin JWT verification to the expected asymmetric algorithm and reject unsigned tokens.,,9.8,"T1552, T1078",no
Password changes do not invalidate existing JWT sessions,medium,OWASP Juice Shop 14.5.1 / Node.js v18.14.0,Track token version or passwordChangedAt per user and reject JWTs issued before password rotation; shorten token TTL and support explicit revocation.,,6.8,T1528,no
Customer JWT can read arbitrary user objects by ID,high,OWASP Juice Shop 14.5.1 / Node.js v18.14.0,"Enforce object-level authorization on /api/Users/{id}; allow self-only access for customers and admin-only access for other users, and return minimal public fields.",,7.5,"T1087, T1530",no
B2B Order Creation via JWT RS256-to-HS256 Algorithm Confusion,critical,OWASP Juice Shop 20.0.0 B2B API on 10.10.0.21:3000,"Pin B2B JWT verification to RS256 only, reject HS256/none tokens, remove exposed key files from public web paths, and rotate JWT key material.",,9.1,"T1190, T1552.001, T1550.003",no
Exposed JWT public key enables HS256 JWT forgery and admin API access,critical,OWASP Juice Shop 14.5.1 on Node.js v18.14.0,"Pin JWT verification to RS256, never use public keys as HMAC secrets, and remove key files from public web paths.",,9.8,"T1190, T1552",no
Exposed JWT public key enables forged B2B order authorization,high,OWASP Juice Shop 14.5.1 NextGen B2B API:3000,Use asymmetric JWT verification with an explicit RS256 allow-list and remove public key files from attacker-readable locations.,,8.1,"T1190, T1552",no
Hardcoded premium payment key exposed and accepted for Deluxe membership upgrade,medium,OWASP Juice Shop 14.5.1,"Remove premium.key from public/static artifacts, rotate the premium key, and validate payment server-side against a secret stored outside the web root.",,6.5,"T1552, T1190",no
Exposed JWT public key enables forged admin tokens accepted across hosts,critical,OWASP Juice Shop JWT authentication on 10.10.0.20:3000 and 10.10.0.21:3000,"Remove exposed key material, pin accepted JWT algorithms to RS256 only, enforce issuer/audience, and rotate unique per-host keys.",,9.1,"T1550.001, T1078, T1552.001",no
JWT RS256-to-HS256 algorithm confusion using exposed public key,critical,OWASP Juice Shop 14.5.1 JWT authorization:3000,Pin JWT verification to RS256 only and remove public-key endpoints unless strictly required.,,9.8,"T1552, T1078",no
Customer Role Can Dump Global Authentication Details and JWTs,critical,OWASP Juice Shop 20.0.0 authentication details API on 10.10.0.21:3000,"Restrict global authentication detail access to administrators, scope customer access to the subject user only, and never return raw tokens, password fields, or TOTP secrets in API responses.",,9.1,"T1552.001, T1528, T1087.001",no
JWT payload leaks unsalted MD5 password hashes,medium,OWASP Juice Shop authentication on 10.10.0.21:3000,Never place password hashes or full user records in JWT claims; use minimal claims and migrate password storage from unsalted MD5 to Argon2id/bcrypt with per-user salts.,,6.5,"T1552, T1003",no
Unauthenticated Admin Application Configuration Disclosure,medium,OWASP Juice Shop 20.0.0 admin configuration API on 10.10.0.21:3000,Require admin authentication for /rest/admin/application-configuration and expose only an explicit public allow-list through non-admin endpoints.,,5.3,"T1592.002, T1190",no
Any customer can harvest and replay all users' JWT session tokens,critical,OWASP Juice Shop 14.5.1 / Node.js v18.14.0,"Remove token fields from responses, restrict the endpoint to self/admin with strict object-level checks, revoke exposed tokens, and avoid storing raw JWTs server-side.",,9.8,"T1528, T1530, T1078",no
JWTs remain valid after password change,medium,OWASP Juice Shop JWT session management:3000,"Invalidate all existing sessions/JWTs on password change by using token versioning, revocation lists, or short-lived access tokens with refresh-token rotation.",,6.5,T1550,no
Direct user-object IDOR via /api/Users/{id},high,OWASP Juice Shop user API:3000,Enforce per-object ownership checks for `/api/Users/{id}` and reserve arbitrary user lookup for admins only.,,8.1,T1190,no
Global authentication-details disclosure to customer users,critical,OWASP Juice Shop authentication details API:3000,"Restrict authentication-detail endpoints to privileged administrators and never return tokens, password hashes, or TOTP secrets in API responses.",,9.1,"T1552, T1190",no
Customer-readable authentication-details leaks replayable admin JWTs,critical,OWASP Juice Shop authentication details API:3000,"Remove token fields from responses, restrict the endpoint to admins, and revoke/rotate all JWTs exposed through this endpoint.",,9.8,"T1550, T1552, T1078",no
Unauthenticated admin configuration disclosure,medium,OWASP Juice Shop admin configuration API:3000,Require admin authentication for `/rest/admin/application-configuration` and remove unnecessary sensitive configuration fields from client responses.,,5.3,T1190,no
Password recovery question leaks account existence and recovery metadata,low,OWASP Juice Shop password recovery API:3000,Make recovery endpoints return indistinguishable responses for existing and non-existing accounts and avoid exposing recovery question text before stronger verification.,,4.3,T1589,no
SQL Injection Authentication Bypass in Login,critical,OWASP Juice Shop 14.5.1 on Node.js 18.14.0,"Use parameterized ORM queries for authentication and reject SQL metacharacter payloads only as defense-in-depth, not as the primary fix.",,9.8,"T1190, T1550",no
Unsigned alg=none JWT Accepted for Administrator Access,critical,OWASP Juice Shop 14.5.1 JWT authorization middleware:3000,Pin accepted JWT algorithms server-side and reject alg=none; never trust the token header to select verification behavior.,,9.8,"T1550.001, T1190",no
JWT RS256-to-HS256 Key Confusion Using Exposed jwt.pub,critical,OWASP Juice Shop 14.5.1 JWT authorization middleware and B2B API:3000,Pin JWT verification to RS256 and remove/limit public exposure of signing material; never allow HS algorithms for RSA-key tokens.,,9.8,"T1550.001, T1190",no
Broken Object Level Authorization Allows Customer to Read Admin User Object,high,OWASP Juice Shop 14.5.1 REST API:3000,Enforce object-level authorization: only admins or the matching user ID may access a user object.,,8.1,"T1190, T1552",no
Customer-Readable Authentication Details Leak Global User Records and JWTs,critical,OWASP Juice Shop 14.5.1 REST API:3000,Restrict authentication-details to authorized administrators and redact secrets/tokens from responses.,,9.1,"T1552.001, T1550",no
JWT Payload Discloses MD5 Password Hash,high,OWASP Juice Shop 14.5.1 JWT session tokens:3000,Never place password hashes or other credential material in JWT claims; include only minimal non-sensitive subject and role claims.,,7.5,"T1552.001, T1110.002",no
Unauthenticated XXE Local File Disclosure in File Upload,high,OWASP Juice Shop 14.5.1 file upload XML parser:3000,"Disable DTD and external entity resolution in XML parsers, reject XML containing DOCTYPE/ENTITY, and remove deprecated upload code paths.",,8.6,"T1190, T1005",no
FTP Extension Allowlist Bypass Exposes Backup Artifacts,medium,OWASP Juice Shop 14.5.1 /ftp static artifact handler:3000,"Canonicalize and fully decode filenames before validation, reject null bytes, and remove backup/source artifacts from web-accessible directories.",,6.5,"T1190, T1083",no
Unauthenticated Administrative Application Configuration Disclosure,medium,OWASP Juice Shop 14.5.1 admin REST endpoints:3000,Require administrator authorization for administrative configuration endpoints and return only non-sensitive client configuration to unauthenticated users.,,5.3,"T1592, T1190",no
Unauthenticated Prometheus Metrics Disclosure,low,OWASP Juice Shop 14.5.1 Prometheus metrics endpoint:3000,Restrict /metrics to authenticated administrators or a private monitoring network.,,4.3,T1592.002,no
B2B Order API Authentication Bypass via Forged JWT,high,OWASP Juice Shop 14.5.1 NextGen B2B API /b2b/v2,Pin B2B JWT verification to RS256 with expected audience/issuer and require a legitimate B2B customer identity before order creation.,,8.8,"T1550.001, T1190",no
Customer-to-Admin Privilege Escalation via Harvested JWT Replay,critical,OWASP Juice Shop 20.0.0 authentication details API on 10.10.0.21:3000,"Restrict authentication-details to admins only, never return raw JWTs or secrets, invalidate all exposed tokens, and add token revocation/version checks.",,9.8,"T1528, T1550.003, T1078",no
B2B orderLinesData server-side unsafe JavaScript evaluation via notevil,high,OWASP Juice Shop 14.5.1 B2B v2 API,Replace notevil/eval-style parsing with JSON.parse plus schema validation and disable verbose production stack traces.,,8.1,"T1190, T1059.007",no
Unauthenticated application configuration disclosure,medium,OWASP Juice Shop 14.5.1,"Require administrator authentication for /rest/admin/application-configuration and redact OAuth metadata, seeded answers, and internal challenge data from any client-facing configuration response.",,6.5,"T1592, T1552",no
Unauthenticated recovery-question disclosure enables account enumeration,medium,OWASP Juice Shop 14.5.1 / Node.js v18.14.0,Do not reveal account-specific recovery questions before verifying a recovery nonce; normalize known/unknown responses and rate-limit recovery lookups.,,5.3,"T1087, T1589",no
Customer account can read administrator user object via IDOR,high,OWASP Juice Shop 14.5.1 user API:3000,Enforce per-object authorization so customers can only read their own user object; reserve arbitrary user reads for admins.,,8.1,"T1190, T1078",no
JWT validator accepts unsigned alg=none tokens,critical,OWASP Juice Shop 14.5.1 / Node.js v18.14.0,"Upgrade/patch JWT middleware, disable alg=none, require signatures, and pin verification to RS256 for session tokens; rotate and invalidate exposed sessions.",,9.1,"T1606, T1550",no
Authentication bypass via SQL injection in login,critical,OWASP Juice Shop 20.0.0 on 10.10.0.21:3000,"Parameterize the login query, reject raw SQL fragments, and enforce password verification for the matched account.",,9.8,"T1190, T1078",no
JWT alg=none accepted on protected API endpoints,critical,OWASP Juice Shop JWT authentication on 10.10.0.21:3000,"Disable alg=none, enforce a fixed server-side JWT algorithm allow-list, and reject unsigned tokens.",,9.8,"T1550.001, T1078",no
JWT RS256-to-HS256 algorithm confusion using exposed public key,critical,OWASP Juice Shop JWT authentication on 10.10.0.21:3000,"Pin JWT verification to RS256, segregate asymmetric and HMAC keys, and remove public verification keys from web-accessible paths where unnecessary.",,9.8,"T1550.001, T1078",no
Customer can harvest and replay all users' JWTs from authentication details endpoint,critical,OWASP Juice Shop authentication details API on 10.10.0.21:3000,"Make the endpoint admin-only, remove token/password/TOTP fields from responses, and invalidate exposed tokens.",,9.8,"T1530, T1550.001, T1078",no
Password change does not require current password,high,OWASP Juice Shop password change flow on 10.10.0.21:3000,"Require the current password and CSRF protection for password changes, and revoke active sessions after rotation.",,8.1,"T1098, T1078",no
JWT sessions remain valid after password rotation,high,OWASP Juice Shop JWT session management on 10.10.0.21:3000,"Revoke all existing tokens on password change using token versioning, jti deny-lists, or short-lived access tokens plus refresh-token rotation.",,8.1,"T1550.001, T1078",no
Unauthenticated administrative configuration and Prometheus metrics disclosure,medium,OWASP Juice Shop Node.js/Express:3000,"Require administrator authentication for configuration and metrics endpoints, or bind metrics to an internal-only interface.",,5.3,"T1190, T1592",no
"Broken access control exposes admin user records, authentication details, and other users' baskets",high,OWASP Juice Shop Node.js/Express API:3000,"Enforce role-based access checks and object ownership checks on every user, authentication, and basket endpoint.",,8.1,"T1190, T1078, T1552",no
Unsigned alg=none JWT accepted for administrator access,critical,OWASP Juice Shop JWT authentication:3000,Reject alg=none and pin JWT verification to the expected asymmetric algorithm only.,,9.8,"T1606, T1550",no
JWT RS256-to-HS256 algorithm confusion using exposed public key,critical,OWASP Juice Shop JWT authentication:3000,"Pin JWT verification to RS256, disallow symmetric algorithms for RSA keys, and stop exposing key material unless strictly necessary.",,9.8,"T1606, T1552, T1550",no
SQL injection in login endpoint yields administrator JWT,critical,OWASP Juice Shop authentication API:3000,Use parameterized queries/ORM bindings for login and never concatenate user-controlled input into SQL.,,9.8,"T1190, T1505, T1078",no
XML external entity file disclosure in file upload,high,OWASP Juice Shop file upload:3000,Disable DTD and external entity resolution in XML parsers and reject XML uploads containing DOCTYPE/ENTITY declarations.,,8.6,"T1190, T1005",no
Password change does not require current password and leaves old JWT valid,high,OWASP Juice Shop account management:3000,"Require current password and CSRF-protected POST for password changes, and revoke all existing sessions/JWTs on password rotation.",,8.1,"T1078, T1550",no
Unauthenticated password recovery security-question enumeration,medium,OWASP Juice Shop account recovery:3000,Do not disclose recovery questions unauthenticated; use a generic recovery initiation response with rate limiting.,,5.3,"T1589, T1110",no
Deluxe membership upgrade without valid payment identifier,medium,OWASP Juice Shop deluxe membership API:3000,Require server-side validation of paymentId/transaction ownership before changing the user's membership role.,,6.5,"T1190, T1078",no
JWT payload exposes MD5 password hash,medium,OWASP Juice Shop JWT authentication:3000,Never place password hashes or sensitive fields in JWT claims; issue minimal claims and migrate password storage from MD5 to Argon2/bcrypt.,,6.5,"T1552, T1110",no
Password-change flow sends current and new passwords in GET query string,medium,OWASP Juice Shop 14.5.1 / Node.js v18.14.0,"Move password changes to POST/PATCH with credentials in the request body, disable the GET query-parameter route, and scrub historical logs containing password-change URLs.",,6.5,T1552,no
Weak textbook RSA implementation allows decryption of protected announcement artifact,medium,OWASP Juice Shop 14.5.1 /ftp artifacts:3000,"Do not use textbook RSA; use authenticated encryption such as AES-GCM or RSA-OAEP for small secrets, and do not expose implementation bytecode or crypto constants as public artifacts.",,5.3,"T1552, T1027",no
JWT RS256-to-HS256 Algorithm Confusion via Exposed Public Key,critical,OWASP Juice Shop / NextGen B2B API JWT validation:3000,"Pin accepted JWT algorithms to RS256 only for RSA-signed tokens, reject HS* for this trust domain, rotate JWT keys, and remove or properly protect /encryptionkeys/jwt.pub exposure if not intended as JWKS.",,9.8,"T1190, T1550.001, T1606",no
Unsigned alg=none JWT Accepted by Protected API,critical,OWASP Juice Shop / NextGen B2B API JWT validation:3000,"Disable unsigned JWTs, pin accepted algorithms, and use a current JWT library configuration that refuses alg=none in production.",,9.8,"T1190, T1550.001, T1606",no
Unsigned alg=none JWTs accepted for admin API authorization,critical,OWASP Juice Shop 14.5.1 on Node.js v18.14.0,"Explicitly allow only RS256 (or the intended algorithm), reject alg=none, and upgrade JWT middleware to a maintained version with safe defaults.",,9.8,"T1190, T1552",no
Cross-instance JWT key reuse enables lateral administrator access to 10.10.0.20,critical,OWASP Juice Shop-like Node application:3000,"Pin JWT algorithms to RS256, reject HS256/alg=none tokens, rotate JWT keys per instance/environment, and avoid cross-instance shared signing material.",,9.1,"T1550.001, T1606",no
Customer can read cross-user authentication details,high,OWASP Juice Shop 14.5.1 authentication details API:3000,Restrict authentication-details endpoints to administrators and remove sensitive fields from non-admin responses.,,8.1,"T1190, T1087",no
SQL Injection Authentication Bypass in Login,critical,OWASP Juice Shop 14.5.1 / Express API:3000,Use parameterized queries/ORM predicates for authentication and validate email syntax before querying.,,9.8,"T1190, T1550",no
JWT Algorithm Confusion via Exposed RSA Public Key,critical,OWASP Juice Shop 14.5.1 JWT session validation:3000,"Pin JWT verification to RS256 only, separate asymmetric and HMAC key material, and stop serving signing verification keys from public routes unless required and safely configured.",,9.8,"T1606, T1550.003, T1190",no
Unsigned alg=none JWTs Accepted,critical,OWASP Juice Shop 14.5.1 JWT session validation:3000,"Disable alg=none, pin accepted algorithms, and reject unsigned tokens before claims are trusted.",,9.8,"T1606, T1550.003, T1190",no
Forged JWT Authorizes B2B Order Creation,high,OWASP Juice Shop 14.5.1 B2B Orders API:3000,Fix JWT verification globally and enforce role/entitlement checks plus request-body validation on B2B order creation.,,8.8,"T1606, T1550.003, T1190",no
Global Authentication Details Exposed to Any Customer,critical,OWASP Juice Shop 14.5.1 Authentication Details API:3000,"Restrict the endpoint to administrators, remove secrets from responses, and disable diagnostic auth-detail routes in production.",,9.1,"T1552, T1528, T1190",no
User Object IDOR Exposes Administrator Profile,high,OWASP Juice Shop 14.5.1 Users API:3000,Enforce object-level authorization so users can only read their own record unless they have an administrator role.,,8.1,"T1190, T1530",no
JWT Payload Discloses MD5 Password Hash,medium,OWASP Juice Shop 14.5.1 JWT issuance:3000,Remove password/hash fields from JWT claims and use a modern password hashing scheme for stored credentials.,,6.5,"T1552, T1110.002",no
JWT Sessions Not Revoked After Password Change,medium,OWASP Juice Shop 14.5.1 Session Management:3000,Track token version or passwordChangedAt and reject tokens issued before the latest credential change.,,6.8,"T1550.003, T1528",no
XML External Entity Local File Disclosure in File Upload,high,OWASP Juice Shop 14.5.1 File Upload XML Parser:3000,"Disable external entity resolution/DTD loading, block XML where unnecessary, and avoid reflecting parser errors containing user-supplied content.",,8.6,"T1190, T1005",no
FTP Route Extension Filter Bypass Exposes Restricted Backup File,medium,OWASP Juice Shop 14.5.1 FTP File Server:3000,"Canonicalize paths once, reject encoded null/control characters, deny backup extensions, and enforce an allow-list after decoding and basename normalization.",,6.5,"T1190, T1083",no
Static premium.key Allows Unauthorized Deluxe Membership Upgrade,medium,OWASP Juice Shop 14.5.1 Deluxe Membership API:3000,"Replace static payment tokens with server-side payment-provider verification and one-time, user-bound transaction IDs.",,6.8,T1190,no
Unauthenticated Password-Recovery Question Disclosure,low,OWASP Juice Shop 14.5.1 Security Question API:3000,"Return indistinguishable responses for known and unknown emails, rate-limit the route, and avoid exposing recovery-question text before stronger verification.",,4.3,"T1589.002, T1110",no
JWT signature bypass via alg=none and RS256-to-HS256 confusion,critical,OWASP Juice Shop 14.5.1,"Pin JWT verification to RS256 only, reject alg=none/HS* for RSA tokens, rotate keys, expire all existing sessions, and remove public key material from web-accessible paths unless strictly required.",,9.8,"T1190, T1550",no
Textbook RSA per-character encryption permits plaintext recovery of confidential artefact,medium,OWASP Juice Shop 14.5.1 FTP file server:3000,"Replace textbook RSA with randomized OAEP or authenticated hybrid encryption, remove encryption source/bytecode artefacts from public FTP paths, and rotate affected keys.",,5.3,T1190,no
Unauthenticated Role Mass Assignment in User Registration,critical,OWASP Juice Shop 14.5.1 user registration API:3000,Implement server-side allowlisting for registration fields and force role/customer-only defaults regardless of client-supplied properties.,,9.8,"T1190, T1136.003, T1068",no
Password Change Performed via GET with Credentials in URL,medium,OWASP Juice Shop 14.5.1 password-change endpoint:3000,"Move password changes to POST with JSON body, CSRF protection, no-store cache headers, and ensure credentials are never placed in URLs.",,6.5,"T1552, T1190",no
JWT Sessions Not Revoked After Password Change,high,OWASP Juice Shop 14.5.1 JWT session management:3000,Track a per-user token version or password-changed-at timestamp and reject JWTs issued before credential rotation; reduce JWT lifetime.,,7.8,"T1550, T1528",no
Unauthenticated Security Question Enumeration,medium,OWASP Juice Shop 14.5.1 account recovery API:3000,"Return uniform responses for known and unknown accounts, rate-limit recovery lookups, and avoid exposing recovery questions until a verified recovery step is completed.",,5.3,"T1589.002, T1110",no
Basket BOLA Allows Reading Other Users' Baskets,medium,OWASP Juice Shop 14.5.1 basket REST API:3000,"Enforce basket ownership checks on every basket read, update, and delete operation; derive basket ID from the authenticated session where possible.",,6.5,"T1190, T1083",no
XML External Entity in file upload allows local file disclosure,high,OWASP Juice Shop 14.5.1 file upload handler:3000,"Disable external entity and DTD processing in the XML parser, reject XML uploads if not required, and avoid reflecting parser output in errors.",,7.5,T1190,no
Password change does not revoke existing JWT sessions,medium,OWASP Juice Shop 14.5.1 JWT session management:3000,Invalidate all existing sessions/JWTs on password change by checking a server-side token version or passwordChangedAt timestamp.,,6.5,T1078,no
MarsDB JavaScript injection in track-order allows local file read,critical,OWASP Juice Shop 14.5.1 track-order API using MarsDB:3000,Do not concatenate user input into MarsDB JavaScript expressions; use exact-match parameterized queries and strict order-id validation.,,9.1,T1190,no
XML External Entity local file disclosure in /file-upload,high,OWASP Juice Shop on 10.10.0.21:3000,Disable DTD/external entity resolution for XML parsing and reject XML uploads containing DOCTYPE or external entities.,,7.5,T1190,no
Login SQL injection allows administrator authentication bypass,critical,OWASP Juice Shop 14.5.1 / Node.js Express:3000,Use parameterized queries or ORM where clauses for login lookups and never interpolate request body values into SQL.,,9.8,"T1190, T1059",no
JWT public-key confusion and unsigned token acceptance enable forged admin JWTs,critical,OWASP Juice Shop 14.5.1 / express-jwt 0.1.3 / jsonwebtoken:3000,"Restrict JWT verification to RS256, reject alg=none and HS* for RSA keys, rotate signing keys, and remove /encryptionkeys from public access.",,9.8,"T1190, T1552.001, T1606",no
Hardcoded RSA private key and weak password hashing in authentication module,high,OWASP Juice Shop 14.5.1 / lib/insecurity.ts:3000,"Move private keys to a secret manager, rotate JWT keys, replace MD5 with bcrypt/Argon2id, and exclude password hashes from tokens/API responses.",,8.1,"T1552.001, T1606",no
Hardcoded premium membership key grants deluxe role upgrade,medium,OWASP Juice Shop 14.5.1 deluxe membership flow:3000,"Remove static premium keys from public artifacts; use one-time, server-side validated vouchers or a payment provider verification callback.",,6.5,"T1552.001, T1098",no
SQL injection authentication bypass yields administrator JWT,critical,OWASP Juice Shop 14.5.1,Parameterize authentication queries and add regression tests for SQLi payloads in login fields.,,9.8,"T1190, T1059",no
JWT RS256-to-HS256 algorithm confusion using exposed public key,critical,OWASP Juice Shop 14.5.1,"Restrict JWT verification to RS256 only, reject symmetric algorithms for RSA keys, rotate keys, and remove public key exposure if not required.",,9.8,"T1190, T1606",no
Unsigned alg=none JWTs accepted for administrator access,critical,OWASP Juice Shop 14.5.1,"Disable alg=none support, pin accepted JWT algorithms, and add negative tests for unsigned tokens.",,9.8,"T1190, T1606",no
Customer JWT can read administrator user object,high,OWASP Juice Shop 14.5.1,Require admin role or self-access for /api/Users/:id and add BOLA/IDOR regression tests.,,8.1,T1190,no
Exposed RSA public key accepted as HS256 JWT HMAC secret,critical,OWASP Juice Shop on 10.10.0.21:3000,"Pin JWT verification to RS256 only, reject alg=none and HS* tokens for RSA-key flows, and remove public key exposure unless required for a JWKS endpoint with strict algorithm binding.",,9.8,"T1190, T1552",no
Hardcoded premium payment key grants unauthorized deluxe membership,high,OWASP Juice Shop on 10.10.0.21:3000,Remove static premium keys from artifacts and server validation; require server-side payment-provider verification and rotate the exposed key.,,8.1,"T1552, T1190",no
XXE in file upload leaks local files,high,OWASP Juice Shop on 10.10.0.21:3000,"Disable DTD/external entity resolution, use an XXE-safe XML parser configuration, and reject XML uploads where possible.",,8.6,T1190,no
Basket Object-Level Authorization Bypass Allows Cross-User Basket Read,medium,OWASP Juice Shop 14.5.1 Basket API:3000,Check ownership of the requested BasketId against the authenticated user before returning basket contents.,,6.5,"T1190, T1530",no
Public registration permits administrator role mass assignment,critical,OWASP Juice Shop 14.5.1 user registration:3000,Whitelist assignable registration fields server-side and force role/customer defaults; only administrators should be able to change roles.,,9.8,"T1190, T1078",no
Product Search SQL Injection Exfiltrates User Credentials,critical,OWASP Juice Shop 14.5.1 Product Search API:3000,Use bound parameters/ORM query operators for product search and remove database errors from responses.,,9.1,"T1190, T1005",no
Built-in administrator account uses weak cracked password,critical,OWASP Juice Shop 14.5.1 administrator account:3000,"Rotate the administrator password immediately, remove seeded demo credentials, and enforce strong password policy with breach-password checks.",,9.8,"T1078, T1110",no
Server-Side JavaScript Injection in Track Order Enables Local File Read,critical,OWASP Juice Shop 14.5.1 Track Order API / MarsDB Query:3000,"Remove JavaScript-evaluated query construction, use exact-field lookups with strict order ID validation, and disable $where/eval functionality.",,9.1,"T1190, T1059.007, T1005",no
Mass Assignment Allows Unauthenticated Administrator Account Creation,critical,OWASP Juice Shop 14.5.1 User Registration API:3000,Whitelist assignable registration fields server-side and set role/privilege attributes only in trusted administrative code paths.,,9.8,"T1190, T1068, T1136.003",no
SQL Injection in login endpoint enables admin authentication bypass,critical,OWASP Juice Shop 6.2.0-SNAPSHOT:3000,Replace string-interpolated SQL with parameterized queries and reject malformed email input before database access.,,9.8,"T1190, T1078",no
JWT algorithm/key confusion from exposed RSA public key grants admin API access,critical,OWASP Juice Shop 6.2.0-SNAPSHOT:3000,"Pin JWT verification to RS256, never allow HMAC algorithms with asymmetric public keys, rotate signing keys, and stop serving key material from web-accessible paths.",,9.8,"T1190, T1552",no
Hardcoded RSA private key and weak crypto helpers exposed in recovered source,high,OWASP Juice Shop 6.2.0-SNAPSHOT:3000,"Move private keys and HMAC secrets to a secret manager, rotate all affected keys/tokens, and replace MD5 password hashing with Argon2id/bcrypt/scrypt.",,8.1,"T1552, T1606",no
Server-side JavaScript injection in order tracking enables code execution primitives,critical,OWASP Juice Shop 6.2.0-SNAPSHOT:3000,"Remove $where JavaScript queries, always sanitize route parameters, and use structural equality filters such as { orderId: id }.",,9.8,"T1190, T1059.007",no
SQL Injection Authentication Bypass in Login,critical,OWASP Juice Shop v14.5.1 / Node.js Express API:3000,Use parameterized ORM queries/prepared statements for login and reject non-email input before query execution.,,9.8,"T1190, T1078",no
Unsigned JWT alg=none Accepted for Admin API Access,critical,OWASP Juice Shop v14.5.1 JWT middleware:3000,Pin accepted JWT algorithms to RS256 only and explicitly reject unsigned tokens.,,9.1,"T1550.001, T1078",no
JWT RS256-to-HS256 Public-Key Confusion,critical,OWASP Juice Shop v14.5.1 JWT middleware and exposed /encryptionkeys/jwt.pub:3000,"Pin JWT verification to RS256, reject HS* tokens for RSA keys, and remove public keys from web-exposed paths unless strictly necessary.",,9.8,"T1550.001, T1078",no
Unauthenticated Admin Account Creation via Client-Supplied role Field,critical,OWASP Juice Shop v14.5.1 user registration API:3000,Never accept role/privilege fields from unauthenticated registration requests; assign customer role server-side.,,9.8,"T1136.001, T1078",no
Low-Privilege User Can Leak and Replay Administrator JWTs,critical,OWASP Juice Shop v14.5.1 authentication details API:3000,"Make authentication-detail endpoints admin-only, return only minimal per-user metadata, and purge stored/replayed JWT material.",,9.8,"T1550.001, T1078",no
JWT Payload Discloses Password MD5 Hash Enabling Admin Credential Recovery,high,OWASP Juice Shop v14.5.1 JWT/session handling:3000,"Remove password hashes from JWT claims, replace MD5 with Argon2id/bcrypt, and rotate/reset exposed credentials.",,8.8,"T1552.001, T1110.002, T1078",no
Basket Object-Level Authorization Bypass,high,OWASP Juice Shop v14.5.1 basket API:3000,Enforce object ownership checks on every basket read/write using the authenticated user id.,,8.1,"T1087, T1530",no
Authenticated profile image URL upload performs server-side requests to arbitrary internal URLs,high,OWASP Juice Shop 6.2.0-SNAPSHOT:3000,"Allow only trusted HTTPS image hosts, block private/link-local/loopback IP ranges and redirects, validate content type/size before persisting, and avoid storing arbitrary fetched responses under a public path.",,8.1,"T1190, T1090",no
Unauthenticated XML upload expands external entities and reflects local files,high,OWASP Juice Shop 6.2.0-SNAPSHOT:3000,"Disable DTD/entity expansion, set nonet:true, reject DOCTYPE/ENTITY declarations, and do not reflect parsed XML or parser errors to clients.",,8.6,"T1190, T1005",no
Authenticated profile page evaluates username template expressions with server-side eval,high,OWASP Juice Shop 6.2.0-SNAPSHOT:3000,Never eval user-controlled template expressions; HTML-encode profile fields and pass user data as variables to a static precompiled template.,,8.8,"T1190, T1059.007",no
Unauthenticated ZIP upload allows path traversal file write into public web directories,high,OWASP Juice Shop 6.2.0-SNAPSHOT:3000,"Normalize ZIP entry names with path.basename, ensure resolved targets stay under the intended upload root with startsWith(root + path.sep), and reject symlinks/absolute paths/traversals.",,8.1,"T1190, T1105",no
Default administrator credentials allow full admin session compromise,critical,OWASP Juice Shop on 10.10.0.21:3000,"Rotate the administrator password, remove default/demo accounts, enforce MFA and lockout/monitoring for privileged logins.",,9.8,"T1078, T1190",no
SQL injection authentication bypass returns administrator JWT,critical,OWASP Juice Shop authentication API:3000,Replace dynamic SQL in login with parameterized queries and add regression tests for quote/comment injection payloads.,,9.8,"T1190, T1078",no
Unsigned alg=none JWT accepted for administrator sessions,critical,OWASP Juice Shop JWT session validation:3000,Disable alg=none and require signed JWTs with strict algorithm allow-listing and server-side authorization checks.,,9.8,"T1606, T1078",no
JWT alg=none authentication bypass permits forged administrator sessions,critical,OWASP Juice Shop JWT authentication on 10.10.0.21:3000,"Disable alg=none, pin the expected signing algorithm, and verify signatures before trusting JWT claims.",,9.8,"T1550, T1190",no
JWT signing-key reuse enables lateral admin access to adjacent Juice Shop host,critical,OWASP Juice Shop-compatible JWT API on 10.10.0.20:3000 and 10.10.0.21:3000,"Pin JWT algorithms, separate keys per service, remove exposed key material, and rotate all JWT signing/verification keys.",,9.1,"T1550, T1550.001, T1190",no
SQL Injection Authentication Bypass in Login,critical,OWASP Juice Shop 14.5.1 / Node.js v18.14.0,Replace concatenated SQL login queries with parameterized ORM queries and constant-time password verification.,,9.8,"T1190, T1059",no
JWT alg=none authentication bypass and session/token disclosure,critical,OWASP Juice Shop on 10.10.0.21:3000,"Disable unsigned JWTs, pin the expected signing algorithm/key, and rotate all exposed/harvested sessions.",,9.8,"T1190, T1552",no
JWT HS256/RSA key-confusion using exposed jwt.pub as HMAC secret,critical,OWASP Juice Shop on 10.10.0.21:3000,"Pin JWT algorithms, separate symmetric/asymmetric key material, remove exposed key artifacts, and rotate signing keys/sessions.",,9.8,"T1190, T1552",no
Broken object-level authorization on /api/Users/{id},high,OWASP Juice Shop on 10.10.0.21:3000,Apply per-object authorization checks and restrict user enumeration to admins or the subject user only.,,8.1,"T1190, T1087",no
JWT sessions remain valid after password change,medium,OWASP Juice Shop on 10.10.0.21:3000,Invalidate all existing sessions/tokens on password change and other account recovery events.,,6.5,T1550,no
Wildcard CORS allows cross-origin Authorization-header API reads,medium,OWASP Juice Shop on 10.10.0.21:3000,Replace wildcard CORS on authenticated APIs with a strict origin allow-list and minimize allowed request headers.,,5.3,T1190,no
JWT RS256-to-HS256 algorithm confusion with exposed public key,critical,OWASP Juice Shop JWT session validation:3000,Enforce strict JWT algorithm allow-listing and key-type separation; remove public key exposure if not required.,,9.8,"T1606, T1078",no
RS256-to-HS256 JWT algorithm confusion using exposed RSA public key,critical,OWASP Juice Shop JWT authentication on 10.10.0.21:3000,"Pin JWT verification to RS256 only, reject algorithm changes from token headers, and remove unnecessary public key exposure.",,9.8,"T1550, T1190",no
Low-privilege user can dump authentication details and replay administrator JWTs,critical,OWASP Juice Shop authentication details API:3000,"Enforce RBAC on authentication-detail endpoints, remove token fields from responses, and revoke/rotate leaked sessions.",,9.1,"T1552, T1078, T1068",no
Low-privilege user can retrieve all users' authentication details and TOTP secrets,high,OWASP Juice Shop authorization on 10.10.0.21:3000,Restrict authentication-detail endpoints to authorized administrators only and exclude secrets such as TOTP seeds from API responses.,,8.1,"T1068, T1552",no
SQL injection in login endpoint enables administrator authentication bypass,critical,OWASP Juice Shop login API on 10.10.0.21:3000,Replace string-concatenated SQL with parameterized queries and verify passwords after selecting by exact email match.,,9.8,"T1190, T1078",no
Unauthenticated Replica Manager permits arbitrary replica creation and pivot service exposure,high,GENESIS Replica Manager (Uvicorn):3701,"Require strong authentication/authorization on /spawn and /replicas, validate stack_pin/target_ip allowlists, and firewall port 3701 plus spawned replica ports from untrusted networks.",,8.8,"T1190, T1611, T1090",no
JWT alg=none Signature Bypass Enables Administrator Token Forgery,critical,OWASP Juice Shop 14.5.1 / Node.js v18.14.0 JWT authorization:3000,"Pin JWT verification to RS256 only, reject unsigned tokens, and rotate signing keys after patching.",,9.8,"T1552, T1190, T1078",no
Double-Encoded Null Byte Bypasses /ftp File Download Allowlist,medium,OWASP Juice Shop 14.5.1 static /ftp file server:3000,"Canonicalize filenames before validation, reject NUL/control characters, and remove sensitive backups from the web root.",,6.5,"T1083, T1552",no
Unauthenticated role mass assignment creates administrator accounts,critical,OWASP Juice Shop user registration API on 10.10.0.21:3000,Apply server-side allowlisting for registration fields and assign roles only through protected administrative workflows.,,9.8,"T1068, T1136",no
SQL Injection in Login Enables Authentication Bypass and User Row Extraction,critical,OWASP Juice Shop / Node.js Express authentication API:3000,Replace string-built SQL with parameterized ORM queries and reject SQL metacharacters only as defense-in-depth.,,9.8,"T1190, T1059",no
Unauthenticated Mass Assignment Allows Administrator Account Creation,critical,OWASP Juice Shop / Node.js Express user registration API:3000,Use an allow-list DTO for registration and set role server-side to customer unless performed by an already-authorized administrator.,,9.8,"T1190, T1068",no
JWT alg=none Accepted for Administrator Token Forgery,critical,OWASP Juice Shop / JWT authentication middleware:3000,Disable alg=none and pin the accepted JWT algorithm to the expected asymmetric algorithm only.,,9.8,"T1606, T1134",no
JWT Algorithm Confusion Using Exposed RSA Public Key as HS256 Secret,critical,OWASP Juice Shop / JWT authentication middleware and /encryptionkeys/jwt.pub:3000,Pin JWT verification to RS256 and reject HS256 tokens on endpoints expecting asymmetric JWTs.,,9.8,"T1606, T1552",no
Broken Object-Level Authorization Exposes Admin User Object to Customers,high,OWASP Juice Shop / Users API:3000,Enforce object ownership or administrator role before returning user objects by ID.,,8.1,"T1190, T1530",no
"Low-Privilege Users Can Dump Global Authentication Details, Tokens, and TOTP Secrets",critical,OWASP Juice Shop / authentication details API:3000,Restrict global authentication detail endpoints to administrators and never return tokens or TOTP secrets in API responses.,,9.1,"T1552, T1530, T1111",no
Weak Administrator Credential admin@juice-sh.op:admin123 Grants Admin Access,critical,OWASP Juice Shop administrator account:3000,"Rotate the administrator password, remove default credentials, enforce MFA, and require strong unique passwords.",,9.8,"T1078, T1110.001",no
Server-Side JavaScript Evaluation in B2B orderLinesData with notevil Stack Trace Disclosure,high,OWASP Juice Shop / B2B orders API using notevil/esprima:3000,Remove notevil/eval-style processing and parse order lines strictly as JSON with schema validation.,,8.2,"T1059.007, T1190",no
JWT sessions are not invalidated after password change,high,OWASP Juice Shop session management:3000,Invalidate all outstanding sessions/JWTs when credentials change and verify token freshness server-side.,,8.1,"T1528, T1078",no
Authentication bypass via SQL injection in login endpoint,critical,OWASP Juice Shop on 10.10.0.21:3000,Use parameterized Sequelize queries/replacements for all user-controlled SQL inputs and add regression tests for login SQLi payloads.,,9.8,"T1190, T1059",no
Unsigned JWT alg=none accepted on protected API endpoints,critical,OWASP Juice Shop JWT authentication on 10.10.0.21:3000,Reject alg=none and enforce a strict RS256 algorithm allow-list for all JWT verification paths.,,9.8,"T1190, T1552",no
JWT algorithm confusion using exposed RSA public key as HS256 secret,critical,OWASP Juice Shop JWT authentication on 10.10.0.21:3000,Pin JWT verification to RS256 and do not expose signing/verification keys from web-accessible directories.,,9.8,"T1190, T1552",no
XML external entity file disclosure in file upload,high,OWASP Juice Shop file upload on 10.10.0.21:3000,"Disable XML external entity expansion, reject DOCTYPE/ENTITY declarations, or remove XML upload parsing entirely.",,8.6,T1190,no
Weak MD5 password hashing and hardcoded cryptographic material,high,OWASP Juice Shop authentication library on 10.10.0.21:3000,Migrate password storage to bcrypt/Argon2id and move all signing/HMAC keys into a secret manager with rotation.,,7.5,"T1552, T1110",no
Password change performed via GET without CSRF protection,high,OWASP Juice Shop password management on 10.10.0.21:3000,"Move password changes to POST with CSRF protection, validate origin/session, and remove passwords from query strings/logs.",,8.1,"T1539, T1550",no
SQL Injection Login Bypass Mints Administrator JWT,critical,OWASP Juice Shop on 10.10.0.21:3000,"Use parameterized ORM queries only, reject invalid email syntax, and add regression tests for authentication SQLi payloads.",,9.8,"T1190, T1550",no
JWT Algorithm Confusion and alg=none Authentication Bypass,critical,OWASP Juice Shop JWT authentication on 10.10.0.21:3000,"Pin JWT verification to RS256 only, reject alg=none, never use asymmetric public keys as HMAC secrets, and remove /encryptionkeys from public routing.",,9.8,"T1550.001, T1190",no
Low-Privilege User Can Dump Authentication Details and Replay Admin JWTs,critical,OWASP Juice Shop authentication details API on 10.10.0.21:3000,"Restrict authentication audit endpoints to administrators and never return JWTs, TOTP secrets, passwords, or session material in API responses.",,9.4,"T1552, T1550.001",no
Unauthenticated Admin Role Self-Registration,critical,OWASP Juice Shop user registration API on 10.10.0.21:3000,Ignore role/profileImage/isActive fields from public registration requests and assign privileged roles only through server-side admin workflows.,,9.1,"T1136.001, T1190",no
Object-Level Authorization Bypass Exposes Admin User Record,high,OWASP Juice Shop user API on 10.10.0.21:3000,Enforce per-object ownership checks or administrator role checks before returning user records.,,7.5,T1190,no
B2B Order Import Server-Side JavaScript Injection via orderLinesData,high,OWASP Juice Shop B2B order API / notevil evaluator on 10.10.0.21:3000,Replace notevil/eval processing with strict JSON parsing and schema validation for order lines.,,8.1,"T1059.007, T1190",no
Unauthenticated Administrative Application Configuration Disclosure,medium,OWASP Juice Shop admin configuration endpoint on 10.10.0.21:3000,Require administrator authentication for administrative configuration routes and expose only minimal public client config.,,5.3,T1592.002,no
Password Recovery Question Disclosure and Account Enumeration,medium,OWASP Juice Shop password recovery endpoint on 10.10.0.21:3000,"Return uniform responses for known and unknown users, rate-limit recovery endpoints, and require an out-of-band recovery initiation step before revealing any challenge metadata.",,5.3,T1589.002,no
JWT Sessions Remain Valid After Password Change,medium,OWASP Juice Shop JWT session management on 10.10.0.21:3000,Track token version/password-changed timestamp server-side and reject JWTs issued before the latest credential change.,,6.5,T1550.001,no
JWT sessions are not revoked after password change,medium,OWASP Juice Shop JWT session management on 10.10.0.21:3000,Track passwordChangedAt or sessionVersion and reject JWTs issued before credential changes; reduce JWT lifetime.,,6.5,T1550,no
Unauthenticated registration allows client-supplied administrator role,critical,OWASP Juice Shop user registration API:3000,Deny mass assignment of privileged fields and set roles server-side only.,,9.8,"T1136, T1068, T1078",no
Password reset security question enables account takeover with guessable answer,high,OWASP Juice Shop password reset on 10.10.0.21:3000,"Remove knowledge-based reset answers; use expiring one-time reset tokens, MFA, rate limiting, and account-owner notification.",,8.1,"T1098, T1586",no
Authenticated server-side JavaScript evaluation in B2B order import causes deterministic interpreter fault and resource consumption,medium,OWASP Juice Shop Node/Express B2B API:3000,"Remove dynamic JavaScript evaluation from B2B order parsing; accept and validate structured JSON only, and suppress stack traces in production error responses.",,6.5,T1499,no
"Unauthenticated GENESIS Replica Manager Allows Replica Creation, Deletion, and Topology Disclosure",critical,GENESIS Replica Manager 7.0.0 / Uvicorn:3701,"Require strong authentication and authorization on all replica-manager endpoints, bind the service to localhost or a management network, and validate stack_pin/target_ip against an allowlist.",,9.1,"T1611, T1580, T1021",no
Double-encoded null-byte FTP allowlist bypass exposes protected bytecode artifacts,high,OWASP Juice Shop HTTP:3000,"Canonicalize and fully decode requested filenames before validation, reject NUL bytes, and enforce an allowlist using path.extname on the canonical basename.",,7.5,T1190,no
Unauthenticated ChromaDB permits read access to attack-session collections,high,ChromaDB/Uvicorn API:8001,"Enable ChromaDB authentication, restrict network exposure to trusted service identities, and remove sensitive credentials/session data from vector-store documents.",,8.1,"T1552, T1087, T1590",no
JWT RS256-to-HS256 Algorithm Confusion Using Exposed Public Key,critical,OWASP Juice Shop 14.5.1 JWT authorization:3000,"Pin JWT verification to RS256, reject HS256/none for asymmetric tokens, rotate signing keys, and avoid exposing key material unnecessarily.",,9.8,"T1552, T1190, T1078",no
Unauthenticated admin account creation via mass assignment,critical,OWASP Juice Shop generated User API on 10.10.0.21:3000,Enforce server-side allow-lists for registration fields and force role='customer' on public user creation.,,9.8,"T1190, T1098",no
Open redirect due to substring allow-list matching,medium,OWASP Juice Shop redirect route on 10.10.0.21:3000,"Parse and canonicalize URLs, then compare scheme/hostname/path against an exact allow-list; never use substring matching for redirects.",,6.1,T1204,no
Password reset security-answer guessing is not rate limited,medium,OWASP Juice Shop password reset on 10.10.0.21:3000,Rate-limit and lock out repeated reset-answer failures; prefer token-based reset over knowledge-based questions.,,6.5,"T1110, T1098",no
FTP File Extension Filter Bypass via Double-Encoded Null Byte Suffix,medium,OWASP Juice Shop /ftp file server on 10.10.0.21:3000,"Canonicalize and fully decode filenames before validation, reject null-byte encodings, enforce allow-listed extensions on the resolved path, and remove backups from the public directory.",,6.5,"T1190, T1005",no
JWT alg=none authentication bypass allows admin impersonation,critical,OWASP Juice Shop 14.5.1 on Node.js/Express:3000,Configure JWT verification to require a fixed signed algorithm such as RS256 and explicitly reject alg=none tokens.,,9.8,"T1606, T1190",no
JWT HS/RS algorithm confusion using exposed RSA public key as HMAC secret,critical,OWASP Juice Shop 14.5.1 on Node.js/Express:3000,"Pin JWT verification to RS256 only, reject HMAC algorithms for RSA-key tokens, remove unnecessary key exposure, and rotate JWT signing keys.",,9.8,"T1606, T1552, T1190",no
NoSQL JavaScript injection in order tracking,high,OWASP Juice Shop order tracking on 10.10.0.21:3000,Never use MongoDB $where with user input; query by typed fields and validate the order id format before querying.,,8.1,T1190,no
Customer JWT can read arbitrary user records by ID,high,OWASP Juice Shop user API on 10.10.0.21:3000,Enforce object-level authorization: non-admin users may only access their own user record and only safe fields.,,7.5,"T1087, T1552",no
SQL Injection Authentication Bypass in Juice Shop Login,critical,OWASP Juice Shop (Express ^4.17.1),Parameterize the login query and reject SQL metacharacter payloads at validation boundaries.,,9.8,"T1190, T1059",no
Server-Side JavaScript Evaluation in B2B orderLinesData,high,OWASP Juice Shop B2B API (Express ^4.17.1 / notevil):3000,Remove server-side eval from B2B order parsing and validate `orderLinesData` as JSON against a strict schema.,,8.1,"T1190, T1059.007",no
Double-Encoded Null Byte Extension Filter Bypass Exposes Blocked FTP Artifacts,medium,OWASP Juice Shop FTP artifact handler:3000,Canonicalize/decode paths before extension filtering and reject null bytes or encoded control characters.,,6.5,"T1190, T1083",no
Unauthenticated User Role Mass Assignment Creates Administrator Accounts,critical,OWASP Juice Shop 14.5.1 user registration API:3000,"Remove role from public mass-assignment input, default new users to customer, and enforce server-side authorization for role changes.",,9.8,"T1190, T1068, T1078",no
SQL injection in login endpoint allows admin authentication bypass,critical,OWASP Juice Shop Node/Express application:3000,Use parameterized queries or ORM where clauses for all login lookups and never interpolate request fields into SQL.,,9.8,"T1190, T1059",no
MongoDB $where injection in order tracking,high,OWASP Juice Shop Node/Express application:3000,"Remove $where usage and query by a typed, validated orderId field with strict input validation.",,8.1,T1190,no
Hardcoded RSA private key enables arbitrary RS256 admin JWT forgery,critical,OWASP Juice Shop JWT authentication:3000,"Remove keys from source, rotate JWT key material, store private keys in a secret manager, and invalidate all tokens signed by the exposed key.",,9.8,"T1552.001, T1606",no
Authenticated SSRF via profile image URL upload,high,OWASP Juice Shop profile image upload:3000,"Allowlist trusted external image hosts, block loopback/private/link-local addresses, enforce HTTPS, and fetch via a hardened SSRF-safe proxy.",,8.0,T1190,no
Unauthenticated XXE file disclosure in XML upload handler,high,OWASP Juice Shop file upload:3000,"Disable external entity expansion and DTD loading, reject DOCTYPE declarations, and avoid returning parser output in error messages.",,8.6,"T1190, T1005",no
Open redirect through substring allowlist validation,medium,OWASP Juice Shop redirect route:3000,Validate redirects using parsed URL components and exact host/scheme checks; never use substring matching for allowlists.,,6.1,T1566,no
FTP Download Filter Bypass via Double-Encoded Null Byte Exposes Restricted Artifacts,medium,OWASP Juice Shop / FTP file download route:3000,"Canonicalize and repeatedly decode filenames before validation, reject null bytes, and enforce an allow-list on the final normalized extension.",,6.5,"T1190, T1005",no
Password Change via GET Query Parameters Enables CSRF and Credential Leakage,high,OWASP Juice Shop / password change API:3000,"Use POST with CSRF protection for password changes and accept secrets only in the request body over HTTPS, never in URLs.",,8.1,"T1539, T1550",no
JWT Sessions Remain Valid After Password Change,high,OWASP Juice Shop / JWT session management:3000,Track token version or passwordChangedAt per user and reject JWTs issued before the latest credential change.,,8.1,"T1528, T1550",no
Poison-null-byte file extension bypass exposes blocked FTP backup files,medium,OWASP Juice Shop FTP file server on 10.10.0.21:3000,"Reject null bytes before any truncation, canonicalize the decoded basename, and enforce extension allow-lists on the final canonical filename.",,6.5,T1190,no
Authenticated IDOR exposes other users' records,high,OWASP Juice Shop user API:3000,Enforce per-object authorization checks on user records and avoid sequential predictable identifiers where possible.,,7.5,T1078,no
Unauthenticated GENESIS replica manager allows arbitrary replica creation for pivot staging,high,GENESIS Replica Manager (Uvicorn HTTP):3701,"Require strong authentication/authorization on /replicas and /spawn, validate stack_pin and target_ip against an allowlist, and isolate the manager from attacker-reachable networks.",,8.1,"T1190, T1105",no
Cross-account basket IDOR on /rest/basket/{id},high,OWASP Juice Shop on 10.10.0.21:3000,Add server-side object ownership checks for basket resources and regression tests for cross-account IDs.,,8.1,T1190,no
Login SQL injection mints admin JWT,critical,OWASP Juice Shop on 10.10.0.21:3000,"Parameterize login queries, rotate sessions, and add tests for SQL metacharacters in credentials.",,9.8,"T1190, T1550",no
Unauthenticated security-question disclosure enables account enumeration,medium,OWASP Juice Shop on 10.10.0.21:3000,"Make recovery responses generic, add throttling, and avoid exposing per-account security metadata unauthenticated.",,5.3,T1589,no
Unauthenticated registration mass assignment creates admin accounts,critical,OWASP Juice Shop on 10.10.0.21:3000,"Allow-list registration fields, force default role=customer server-side, and audit existing unauthorized admin accounts.",,9.8,"T1190, T1136",no
Unauthenticated ChromaDB permits arbitrary collection creation and document poisoning,critical,ChromaDB/Uvicorn API:8001,"Enable ChromaDB authentication/authorization, firewall port 8001 to trusted backends only, and treat vector-store contents as untrusted unless integrity-protected.",,9.1,"T1565.001, T1552, T1190",no
Zip Slip arbitrary file write via complaint upload,high,OWASP Juice Shop file upload on 10.10.0.21:3000,"Normalize ZIP entry names, enforce containment with path.relative against the intended extraction root, and reject traversal/absolute paths.",,8.8,"T1190, T1105",no
Unauthenticated Prometheus metrics exposure,low,OWASP Juice Shop metrics endpoint on 10.10.0.21:3000,Restrict /metrics to trusted monitoring networks or require authentication and authorization.,,3.7,T1592,no
Broken Access Control Exposes Global Authentication Details to Any Customer,critical,OWASP Juice Shop 14.5.1 authentication details API:3000,Restrict authentication-details to audited administrators only and remove secrets/tokens/TOTP fields from responses.,,9.1,"T1190, T1552, T1087",no
JWT payload leaks password hash and sensitive user fields,medium,OWASP Juice Shop JWT issuing logic:3000,Issue minimal JWTs and remove sensitive database fields from all token claims.,,6.5,"T1552, T1528",no
JWT signature bypass enables unauthenticated administrator access,critical,OWASP Juice Shop 14.5.1 on Node.js v18.14.0,"Pin JWT verification to RS256, reject unsigned tokens, prevent algorithm confusion, and rotate all JWT keys/sessions.",,9.8,"T1190, T1552",no
Double-encoded null-byte bypass exposes blocked FTP backup artifacts,medium,OWASP Juice Shop 14.5.1 static /ftp artifact handler:3000,Canonicalize and fully decode filenames before extension checks; reject NUL bytes and serve files from a strict allowlist.,,6.5,"T1083, T1552",no
JWT key reuse enables lateral admin-token replay to adjacent Juice Shop instance,high,OWASP Juice Shop-compatible services on 10.10.0.21:3000 and 10.10.0.20:3000,"Rotate JWT keys per instance, pin issuer/audience, and prevent cross-service token replay.",,8.8,"T1550, T1190",no
JWT RS256-to-HS256 Algorithm Confusion Enables Admin Token Forgery,critical,OWASP Juice Shop 14.5.1 on Node.js v18.14.0,"Pin JWT verification to RS256 only, reject HS* algorithms for RSA-backed tokens, and upgrade/patch jsonwebtoken usage.",,9.8,"T1190, T1550.001",no
Unsigned alg=none JWT Accepted for Admin Authentication,critical,OWASP Juice Shop 14.5.1 on Node.js v18.14.0,Disable alg=none support and explicitly allowlist only the intended signing algorithm during JWT verification.,,9.8,"T1190, T1550.001",no
Cross-Account Basket IDOR via /rest/basket/{id},high,OWASP Juice Shop 14.5.1 on Node.js v18.14.0,Add object-level authorization checks on /rest/basket/{id} so the authenticated user id must match the basket owner.,,8.1,"T1190, T1550.001",no
Unauthenticated User Registration Role Mass Assignment Creates Admin Accounts,critical,OWASP Juice Shop 14.5.1 on Node.js v18.14.0,"Remove role and privileged fields from public registration input, default all self-registered users to customer, and enforce server-side role assignment only by trusted admin workflows.",,9.8,"T1190, T1068",no
Client-controlled token cookie accepted as authentication source,high,OWASP Juice Shop on 10.10.0.21:3000,Remove token-cookie auth fallback or harden it as a server-issued HttpOnly/Secure/SameSite cookie with CSRF protection and JWT algorithm pinning.,,8.1,"T1550, T1539",no
IDOR Allows Any Customer to Read Other Users by Numeric ID,high,OWASP Juice Shop 14.5.1 user API:3000,Add per-object authorization checks so customers can only read their own user object unless explicitly admin.,,7.5,"T1190, T1087",no
Unauthenticated Chromium renderer enables SSRF and file-scheme local file read,critical,chromium_renderer HTTP API:3301,"Require authentication on /render, allowlist schemes/hosts, block file:// and private-network destinations, and run the renderer with strict egress firewalling and least filesystem access.",,9.6,"T1190, T1090, T1005",no
Unauthenticated ChromaDB API exposes internal attack-graph collections,high,ChromaDB/Uvicorn on 10.10.0.1:8001,Restrict ChromaDB network exposure and enforce authentication/authorization before allowing collection enumeration or document retrieval.,,8.2,"T1213, T1552",no
Basket IDOR Allows Cross-Account Basket Disclosure,high,OWASP Juice Shop basket API on 10.10.0.21:3000,Enforce basket ownership checks on all basket read/write routes and avoid exposing sequential basket ids where possible.,,7.5,T1190,no
Unauthenticated Zip Slip arbitrary file write via ZIP upload,high,OWASP Juice Shop file upload:3000,"Normalize each ZIP entry against a fixed upload root, require startsWith(uploadRoot + path.sep), reject absolute/traversal paths, and avoid overwriting existing files.",,8.1,"T1190, T1105",no
Password change is performed via GET without CSRF token,medium,OWASP Juice Shop password change API:3000,Move password change to a non-GET method and require CSRF protection plus re-authentication.,,6.5,T1078,no
Leaked Premium Key Enables Unauthorized Deluxe Membership Activation,medium,OWASP Juice Shop deluxe membership API on 10.10.0.21:3000,"Revoke and rotate exposed premium keys, store only hashed one-time redemption tokens, and keep key artifacts out of web-accessible locations.",,6.5,"T1552, T1098",no
Customer JWT Can Enumerate All Users via /api/Users,high,OWASP Juice Shop 14.5.1 on Node.js v18.14.0,Enforce role-based authorization on /api/Users so only admin users can enumerate user records.,,8.1,"T1190, T1550.001",no
Password Change Performed via GET Without CSRF Protection,high,OWASP Juice Shop password-change endpoint on 10.10.0.21:3000,"Move password change to POST/PATCH, require CSRF protection for browser sessions, require current password reauthentication, and redact password hashes from responses.",,8.1,"T1539, T1190",no
Unauthenticated ChromaDB API exposes GENESIS knowledge collections,high,ChromaDB HTTP API (Uvicorn):8001,"Enable ChromaDB authentication, restrict network exposure, and treat stored GENESIS knowledge as sensitive secrets-bearing data.",,8.2,"T1213, T1552",no
Unauthenticated GENESIS Replica Manager exposes state-changing management API,critical,GENESIS Replica Manager 7.0.0 / Uvicorn:3701,"Place Replica Manager behind authenticated admin-only access and block unauthenticated access to /spawn, /replicas, /docs, and /openapi.json.",,9.1,"T1611, T1580, T1190",no
Low-Privilege Customer Can List All User Records,high,OWASP Juice Shop user API on 10.10.0.21:3000,Restrict user listing endpoints to administrators and provide a separate self-profile endpoint for normal customers.,,7.5,"T1190, T1087.001",no
Exposed JWT verification key enables HS256 admin JWT forgery,critical,OWASP Juice Shop 14.5.1 / Node.js 18.14.0,"Remove public access to /encryptionkeys, rotate JWT keys, and enforce a single asymmetric JWT algorithm such as RS256 with explicit algorithm allowlisting.",,9.8,"T1190, T1552",no
OpenAPI-disclosed B2B orderLinesData reaches server-side JavaScript evaluator,high,OWASP Juice Shop 14.5.1 B2B API / notevil JavaScript evaluator:3000,Do not evaluate orderLinesData as JavaScript; parse it strictly as JSON and validate the schema before processing.,,8.1,"T1190, T1059.007",no
Public /ftp artifact exposure with extension-filter bypass leaks backups and crypto clues,medium,OWASP Juice Shop 14.5.1 static /ftp artifact handler:3000,"Disable directory listing, remove backup/bytecode/key files from the web root, and validate canonical decoded filenames against a strict allowlist.",,6.5,"T1190, T1589",no
Public Socket.IO Source Map Disclosure,low,OWASP Juice Shop static Socket.IO asset on 10.10.0.21:3000,Disable source map generation in production builds or block access to *.map files at the web server/static middleware layer.,,3.7,T1592.002,no
B2B Order Creation Lacks Role or Scope Authorization,medium,OWASP Juice Shop 14.5.1 on Node.js v18.14.0,Require an explicit B2B role/scope or dedicated OAuth client authorization for /b2b/v2/orders instead of accepting any authenticated customer JWT.,,6.5,"T1190, T1550.001",no
Unauthenticated security-question disclosure and email enumeration,medium,OWASP Juice Shop password recovery API:3000,Make account recovery responses indistinguishable for existing and nonexistent accounts and avoid unauthenticated question disclosure.,,5.3,"T1589, T1110",no
Authenticated server-side JavaScript eval in profile username enables local file disclosure,critical,OWASP Juice Shop profile rendering:3000,"Remove eval() from profile rendering, HTML-encode usernames, and add regression tests that profile fields containing #{...} are rendered literally.",,9.1,"T1190, T1059.007, T1005",no
Unauthenticated ChromaDB document read discloses operational attack intelligence,high,ChromaDB HTTP API (Uvicorn):8001,"Require authentication for ChromaDB collection reads, restrict port 8001 to trusted backends, and scrub secrets/topology from stored documents.",,8.6,"T1213, T1552, T1580",no
Broken Access Control Exposes Full User Directory to Any Customer,high,OWASP Juice Shop 14.5.1 user API:3000,Require administrator role for /api/Users collection listing and return only self-scoped data to customers.,,7.5,"T1190, T1087",no
Low-privilege users can harvest and replay administrator JWTs,critical,OWASP Juice Shop 14.5.1,Enforce object-level authorization on authentication-details and redact all token/secret fields; revoke exposed tokens.,,9.8,"T1550, T1528, T1190",no
Password Change Does Not Revoke Existing JWT Sessions,medium,OWASP Juice Shop 14.5.1 on Node.js v18.14.0,Track passwordChangedAt or tokenVersion server-side and reject JWTs issued before password changes; reduce JWT lifetime and add revocation support.,,6.5,T1550.001,no
Unauthenticated role mass assignment creates administrator accounts,critical,OWASP Juice Shop 14.5.1,"Remove role from public registration input, assign customer role server-side, and audit/remove illegitimate admin accounts.",,9.8,"T1190, T1068",no
Login SQL injection issues administrator JWT,critical,OWASP Juice Shop 14.5.1,"Parameterize the login query, add regression tests for tautology payloads, and rotate sessions/tokens issued through the flaw.",,9.8,"T1190, T1059",no
Customer Can Harvest and Replay Admin JWTs from Authentication Details Endpoint,critical,OWASP Juice Shop 14.5.1 on Node.js v18.14.0,Do not expose authentication artifacts; enforce admin-only access or current-user scoping and redact/remove all JWT/session tokens from responses.,,9.8,"T1190, T1550.001",no
Password Change Performed via GET Without CSRF Token,medium,OWASP Juice Shop 14.5.1 password-change API:3000,"Move password changes to POST/PATCH, require CSRF protection for browser-authenticated flows, and reject state-changing GET requests.",,6.5,"T1190, T1539",no
Unauthenticated XML entity expansion parsing on /file-upload,medium,OWASP Juice Shop 14.5.1 file upload XML parser / libxmljs legacy dependency:3000,"Disable DTD/entity processing for XML uploads, reject DOCTYPE/ENTITY declarations before parsing, and remove deprecated /file-upload functionality if no longer needed.",,6.5,T1190,no
Customer role can enumerate full user directory,high,OWASP Juice Shop 14.5.1,Enforce role checks on /api/Users collection and per-object ownership checks on user records.,,7.5,"T1087, T1190",no
Security Question Endpoint Leaks Account Existence and Reset Questions,medium,OWASP Juice Shop 14.5.1 password-reset API:3000,Do not disclose password-reset questions before authentication; return uniform responses and rate-limit/reset via verified channels.,,5.3,"T1087, T1589",no
Password change is performed via GET without CSRF token,high,OWASP Juice Shop 14.5.1,"Disable GET password changes, require CSRF-protected POST/PATCH, and invalidate existing sessions after password changes.",,8.1,"T1190, T1539",no
Customer-Readable Authentication Details Leak Replayable Administrator JWTs,critical,OWASP Juice Shop 14.5.1 authentication details API / JWT session management:3000,"Remove JWT/session material from API responses, restrict the endpoint to admins, rotate JWT keys, and invalidate all exposed tokens.",,9.8,"T1552, T1078, T1190",no
JWTs are not revoked after password change,high,OWASP Juice Shop 14.5.1,Invalidate all existing JWTs/session tokens on password change and add server-side token revocation/version checks.,,8.1,"T1550, T1528",no
Security-question endpoint leaks account existence and reset questions,medium,OWASP Juice Shop 14.5.1,"Normalize responses for existing/nonexisting accounts, rate-limit recovery endpoints, and avoid exposing reset-question content before identity verification.",,5.3,"T1589, T1190",no
Unauthenticated SQL Injection in Login Mints Admin JWT,critical,OWASP Juice Shop on 10.10.0.21:3000,Use parameterized queries or ORM query builders for login lookups and reject SQL metacharacter payloads only as defense-in-depth.,,9.8,"T1190, T1059",no
JWT Key Confusion via Exposed Public Key and Unsafe Verification,critical,OWASP Juice Shop on 10.10.0.21:3000,"Pin JWT algorithms to RS256, never use public keys as HMAC secrets, remove public directory listing for encryption keys, and rotate JWT signing keys.",,9.8,"T1190, T1552.001",no
Unauthenticated XXE File Disclosure in XML Upload,high,OWASP Juice Shop on 10.10.0.21:3000,"Disable DTD/external entity resolution, prevent network/entity loading, and avoid reflecting parsed XML or parser errors to clients.",,8.6,"T1190, T1005",no
Unauthenticated MongoDB $where JavaScript Injection in Track Order,high,OWASP Juice Shop on 10.10.0.21:3000,Remove $where and query by structured fields only; sanitize route parameters regardless of deployment environment.,,8.1,"T1190, T1059.007",no
SQL injection authentication bypass in Juice Shop login,critical,OWASP Juice Shop on 10.10.0.21:3000,"Parameterize the login query/ORM lookup, normalize email input, and enforce password verification for the matched user.",,9.8,"T1190, T1078",no
JWT alg=none signature bypass permits arbitrary admin tokens,critical,OWASP Juice Shop JWT authorization on 10.10.0.21:3000,Configure JWT verification to allow only RS256 with the configured public key and reject alg=none/unsigned tokens.,,9.8,"T1606, T1078",no
Cross-instance JWT key confusion enables admin access to adjacent Juice Shop,critical,OWASP Juice Shop on 10.10.0.20:3000 and 10.10.0.21:3000,"Pin JWT verification to RS256 only, reject alg=none/HS256 for RSA keys, rotate per-environment keys, and stop exposing signing material through web paths.",,9.1,"T1550, T1190",no
Unauthenticated GENESIS Replica Manager topology disclosure,medium,GENESIS Replica Manager uvicorn API:3701,Enforce authentication/authorization on replica-management endpoints and redact compose_dir/session metadata from normal responses.,,6.5,"T1046, T1580",no
JWT alg=none accepted allows unsigned admin token forgery,critical,OWASP Juice Shop on 10.10.0.21:3000,"Configure JWT verification to allow only the expected signed algorithm, reject alg=none, and never trust the token header to select verification behavior.",,9.8,"T1190, T1550.003",no
Customer-accessible authentication details leak replayable admin JWTs,critical,OWASP Juice Shop authentication details API on 10.10.0.21:3000,Limit authentication-detail records to admin-only use and remove/redact token fields from all API responses.,,9.1,"T1552, T1078",no
Server-side JavaScript injection and local file read in order tracking,critical,OWASP Juice Shop on Node.js v18.14.0,Remove $where/new Function evaluation and query by a validated orderId value using a safe equality filter.,,9.1,"T1190, T1059.007",no
SQL injection authentication bypass returns admin JWT,critical,OWASP Juice Shop authentication API:3000,Use ORM/parameterized queries for login and validate email input; never concatenate credentials into SQL.,,9.8,"T1190, T1110",no
JWT alg=none acceptance enables unsigned admin token forgery,critical,OWASP Juice Shop JWT authorization:3000,Pin accepted JWT algorithms to RS256/expected algorithms only and reject alg=none or unsigned tokens.,,9.8,"T1550.001, T1606",no
Customer-readable authentication history leaks replayable admin JWTs,critical,OWASP Juice Shop user authentication details API:3000,Do not expose historical authentication records or JWTs to customers; redact tokens and restrict any audit endpoint to administrators.,,9.4,"T1552.001, T1550.001",no
Broken access control exposes full user directory to any customer,high,OWASP Juice Shop user API:3000,Require an admin role for listing all users and enforce object-level authorization for user record access.,,8.1,"T1087, T1552",no
Security question endpoint leaks account existence and reset question,medium,OWASP Juice Shop password reset API:3000,Return indistinguishable responses for existing and nonexistent accounts and avoid exposing reset questions pre-authentication.,,5.3,T1589.002,no
Null-byte extension bypass downloads restricted /ftp binary artifact,medium,OWASP Juice Shop /ftp static file handler:3000,"Canonicalize and validate filenames after decoding, reject null bytes, and serve only allowlisted extensions by basename.",,6.5,"T1005, T1083",no
JWT alg=none admin token accepted,critical,OWASP Juice Shop Node/Express on 10.10.0.21:3000,Use a strict JWT verifier with an explicit algorithms allow-list and reject unsigned tokens.,,9.8,"T1190, T1550",no
SQL injection in login grants admin JWT,critical,OWASP Juice Shop Node/Express on 10.10.0.21:3000,Replace string-concatenated SQL with parameterized queries or ORM predicates.,,9.8,T1190,no
Broken authorization exposes full user directory and admin user object to customers,high,OWASP Juice Shop user API on 10.10.0.21:3000,Add role-based checks to /api/Users and object-level self-or-admin checks to /api/Users/{id}.,,8.1,"T1078, T1087",no
Customer-readable authentication-details leaks replayable admin JWTs,high,OWASP Juice Shop Node/Express on 10.10.0.21:3000,Remove this endpoint or restrict it to non-sensitive current-user metadata; never expose active JWTs.,,8.8,"T1550, T1530",no
Server-side JavaScript injection in track-order Mongo $where,critical,OWASP Juice Shop Node/Express on 10.10.0.21:3000,Do not use $where with attacker input; query by a typed orderId field and validate the path parameter.,,9.1,"T1190, T1059.007",no
Authenticated B2B order server-side JavaScript injection via notevil,high,OWASP Juice Shop Node/Express on 10.10.0.21:3000,Parse B2B order lines as JSON/data with schema validation; never evaluate order content as JavaScript.,,8.8,"T1190, T1059.007",no
Customer-readable authentication-details leaks replayable admin JWTs,critical,OWASP Juice Shop on 10.10.0.21:3000,"Restrict authentication-details to the current user, remove JWT/token material from responses, and invalidate exposed tokens immediately.",,9.8,"T1528, T1550.001",no
JWT alg=none signature bypass enables forged admin tokens,critical,OWASP Juice Shop on 10.10.0.21:3000,"Pin JWT verification to RS256, reject alg=none/unexpected algorithms, and use a maintained JWT library with explicit algorithms.",,9.8,"T1606, T1550.001",no
Broken authorization exposes user directory and admin configuration to customer JWTs,high,OWASP Juice Shop on 10.10.0.21:3000,Enforce role-based and object-level authorization on all user/admin endpoints; customers should only access their own user object and non-sensitive public config.,,8.1,"T1068, T1550.001",no
JWTs remain valid after password change,medium,OWASP Juice Shop on 10.10.0.21:3000,Add server-side token versioning or revocation checks and rotate the token version on password changes; also reduce JWT lifetime.,,6.8,T1550.001,no
SQL Injection Authentication Bypass in Login,critical,OWASP Juice Shop 14.5.1 on Node.js v18.14.0,Replace dynamic SQL with parameterized queries/ORM predicates and enforce password verification before issuing tokens.,,9.8,"T1190, T1078",no
External XML Entity Local File Disclosure in File Upload,high,OWASP Juice Shop 14.5.1 file-upload XML handler:3000,Disable DTD/external entity expansion in the XML parser and reject XML uploads containing DOCTYPE/ENTITY declarations.,,8.6,"T1190, T1005",no
FTP Allowlist Bypass Exposes Backup and Binary Artifacts,high,OWASP Juice Shop 14.5.1 static /ftp artifact handler:3000,Remove sensitive artifacts from the web root and validate canonical decoded filenames against a strict allowlist before serving.,,7.5,"T1190, T1083",no
Unsigned JWT alg=none Authentication Bypass,critical,OWASP Juice Shop 14.5.1 JWT authorization middleware and B2B API:3000,"Pin JWT verification to the expected asymmetric algorithm, reject alg=none, and ignore untrusted header-selected algorithms.",,9.8,"T1190, T1078, T1550",no
MongoDB $where Server-Side JavaScript Injection in Track Order,high,OWASP Juice Shop 14.5.1 /rest/track-order route using MarsDB/Mongo-style $where:3000,Remove $where/new Function usage and query by a typed orderId field with strict input validation.,,8.1,"T1190, T1059.007",no
Customer-Accessible Authentication Details Leak Replayable Admin JWTs,critical,OWASP Juice Shop 14.5.1 authentication details API:3000,"Restrict authentication-details to the current user, remove token fields from responses, and revoke/rotate exposed tokens.",,9.1,"T1190, T1552, T1528",no
Unauthenticated Prometheus Metrics Disclosure,low,OWASP Juice Shop 14.5.1 /metrics endpoint:3000,Require authentication or restrict /metrics to an internal management network.,,5.3,T1592,no
JWT Public Key Material Exposed Over HTTP,medium,OWASP Juice Shop 14.5.1 encryption key static route:3000,Remove key files from public routes and pin JWT verification algorithms; rotate keys if the material was used as an HMAC secret anywhere.,,6.5,"T1552.001, T1550",no
Overly Permissive CORS Policy on API Routes,low,OWASP Juice Shop 14.5.1 Express CORS middleware:3000,Restrict CORS origins and headers to trusted frontend origins only.,,4.3,T1185,no
Unauthenticated MarsDB $where Server-Side JavaScript Injection Enables Arbitrary File Read/Write,critical,OWASP Juice Shop 14.5.1 on 10.10.0.21:3000,"Replace the $where JavaScript query with a parameterized exact-match query, validate order IDs with an allowlist, remove eval/new Function usage, and make /juice-shop/ftp non-writable by the application user.",,9.1,"T1190, T1059.007, T1005",no
RS256-to-HS256 JWT algorithm confusion using exposed public key,critical,OWASP Juice Shop on 10.10.0.21:3000,"Pin JWT verification to RS256, reject HS* algorithms for RSA-backed tokens, and do not expose verification keys unless algorithm confusion is impossible.",,9.8,"T1190, T1550.003",no
Unauthenticated SSJI Provides Internal HTTP Pivot to Replica Manager,high,OWASP Juice Shop 14.5.1 on 10.10.0.21:3000,Eliminate the SSJI sink and add container egress filtering so the web process cannot reach management networks or write exfiltration files.,,8.6,"T1190, T1090, T1046",no
UNION SQL injection in product search exposes user credential hashes,critical,OWASP Juice Shop product search API:3000,Use parameterized queries or ORM query builders for product search and never interpolate the q parameter into SQL.,,9.1,"T1190, T1005, T1552.001",no
JWT public key material exposed over HTTP,medium,OWASP Juice Shop static encryption keys:3000,"Remove /encryptionkeys from static serving; if public JWT keys must be published, use a controlled JWKS endpoint and ensure JWT verification pins asymmetric algorithms only.",,5.3,T1552.001,no
JWTs remain valid after password change,high,OWASP Juice Shop session/JWT lifecycle:3000,Track passwordChangedAt/tokenVersion per user and reject tokens issued before credential changes; use short JWT lifetimes and refresh-token rotation.,,7.5,"T1528, T1550.001",no
Unauthenticated application configuration disclosure,medium,OWASP Juice Shop application configuration API:3000,Require admin authorization for the admin configuration endpoint and expose only a minimal redacted public configuration if required by the frontend.,,5.3,"T1592.002, T1082",no
Unsigned JWT (alg=none) accepted for admin impersonation,critical,OWASP Juice Shop 14.5.1 on Node.js v18.14.0,Pin JWT verification to RS256 and reject alg=none tokens server-side.,,9.8,"T1190, T1550",no
JWT RS256-to-HS256 algorithm confusion using exposed public key,critical,OWASP Juice Shop 14.5.1 on Node.js v18.14.0,Pin JWT verification to RS256 only and prevent HS256 fallback/confusion.,,9.8,"T1190, T1550",no
Default administrator credentials enabled,critical,OWASP Juice Shop 14.5.1,Disable default accounts and rotate admin credentials.,,9.8,"T1078, T1190",no
User object IDOR allows customer to read admin profile,high,OWASP Juice Shop 14.5.1,Add per-object ownership/role checks to /api/Users/{id}.,,8.1,T1190,no
Security-question password reset enables Jim account takeover,high,OWASP Juice Shop 14.5.1,Remove security-question-only password reset and require verified reset tokens/MFA.,,8.1,"T1078, T1110",no
RS256-to-HS256 JWT algorithm confusion via exposed public key,critical,OWASP Juice Shop on 10.10.0.21:3000,"Pin JWT verification to RS256 only, reject HS* for RSA-issued tokens, and ensure public keys are never used as HMAC secrets.",,9.8,"T1606, T1550.001",no
Sequential user IDOR exposes arbitrary user records,high,OWASP Juice Shop on 10.10.0.21:3000,Add object-level authorization checks so customers can only access their own user record; reserve arbitrary user lookup for admins.,,7.5,"T1087, T1550.001",no
Login SQL injection bypass returns admin JWT,critical,OWASP Juice Shop on 10.10.0.21:3000,"Parameterize the login query, validate email input, and return a generic authentication failure for invalid credentials.",,9.8,"T1190, T1550.001",no
JWT nbf claim is not enforced,medium,OWASP Juice Shop on 10.10.0.21:3000,Enable not-before validation in the JWT library and reject tokens whose nbf is in the future.,,6.5,T1550.003,no
JWT RS256-to-HS256 key confusion with exposed public key,critical,OWASP Juice Shop JWT authorization on 10.10.0.21:3000,Pin JWT verification to RS256 only and reject HS256/alg-none tokens; remove public key exposure or ensure it cannot be used as a symmetric secret.,,9.8,"T1606, T1078",no
Public access to admin application-configuration endpoint,low,OWASP Juice Shop configuration API on 10.10.0.21:3000,Split public client configuration from private/admin configuration and require admin authorization for the latter.,,3.7,T1592,no
Login SQL Injection Auth Bypass,critical,OWASP Juice Shop Node.js/Express on 10.10.0.21:3000,Use parameterized queries/prepared statements for login and all SQL access.,,9.8,"T1190, T1059",no
Hardcoded RSA Private Key Enables Admin JWT Forgery,critical,OWASP Juice Shop JWT auth on 10.10.0.21:3000,"Remove embedded private keys, load secrets from a protected secret manager, rotate the keypair, and invalidate existing JWTs.",,9.8,"T1552.001, T1606.001",no
MongoDB/MarsDB $where Server-Side JavaScript Injection,critical,OWASP Juice Shop track-order route on 10.10.0.21:3000,"Remove `$where`, use structured equality queries, and strictly validate order IDs.",,9.8,"T1190, T1059.007",no
XML External Entity File Disclosure in Upload Handler,high,OWASP Juice Shop file upload on 10.10.0.21:3000,"Disable entity expansion and network access in XML parsers, or reject DTDs entirely.",,8.6,T1190,no
Open Redirect via Substring Allowlist Check,medium,OWASP Juice Shop redirect route on 10.10.0.21:3000,Validate redirects by parsing and comparing scheme/host/path against an allowlist; do not use substring matching.,,6.1,T1566.002,no
JWT temporal claim validation bypass permits non-expiring and not-yet-valid tokens,high,OWASP Juice Shop JWT authorization on 10.10.0.21:3000,"Require exp on all tokens, enforce nbf and iat with minimal clock skew, set a short maxAge, and combine with algorithm pinning.",,8.1,"T1606, T1078",no
"class: MarsDB $where/new Function() injection with Node fs module access, hypothesis: the confirmed SSJI can write attacker-controlled files under /juice-shop/ftp that are subsequently downloadable over HTTP.",medium,10.10.0.21,,,,auto-bridged-from-hypothesis,no
"class: SSJI as second-hop internal pivot, hypothesis: the confirmed /rest/track-order server-side JavaScript primitive can make the Juice Shop server request internal-only services and persist the result into the web-exposed FTP directory for retrieval.",medium,10.10.0.21,,,,auto-bridged-from-hypothesis,no
"A low-privilege customer JWT can access admin/user collection endpoints /api/Users and /api/Users/1, exposing other users' data without object- or role-level authorization.",medium,10.10.0.21,,,,auto-bridged-from-hypothesis,no
"Jim's password reset flow can be completed by supplying the guessable security answer 'Samuel', enabling account takeover without the current password.",medium,10.10.0.21,,,,auto-bridged-from-hypothesis,no
"A customer can harvest an administrator JWT from /rest/user/authentication-details/ and replay it to access admin-only user detail endpoints, producing a full customer-to-admin token theft chain.",medium,10.10.0.21,,,,auto-bridged-from-hypothesis,no
"The confirmed XXE in 10.10.0.21:3000/file-upload can disclose local network topology files such as /proc/net/route, /proc/net/arp, /etc/hosts, and /proc/net/tcp for pivot discovery.",medium,10.10.0.21,,,,auto-bridged-from-hypothesis,no
"class: JWT algorithm confusion, hypothesis: the RS256 token validator on 10.10.0.21:3000 accepts unsigned alg=none tokens with attacker-controlled admin claims.",medium,10.10.0.21,,,,auto-bridged-from-hypothesis,no
"The masscan counter corresponds to six known/surfaced web or API listeners, not Windows/AD or non-HTTP protocol-matrix services.",medium,10.10.0.21,,,,auto-bridged-from-hypothesis,no
"class: JWT algorithm confusion, hypothesis: the same 10.10.0.21:3000 JWT verifier also accepts RS256-to-HS256 confusion tokens signed with the public RSA key as the HMAC secret.",medium,10.10.0.21,,,,auto-bridged-from-hypothesis,no
"class: JWT temporal-claim validation, hypothesis: the JWT verifier accepts tokens before their not-before (nbf) time, enabling premature use of time-gated tokens.",medium,10.10.0.21,,,,auto-bridged-from-hypothesis,no
The GENESIS Replica Manager at 10.10.0.1:3701 is directly reachable and exposes unauthenticated replica metadata that can be used as a control-plane lateral movement primitive from the Juice Shop RCE pivot.,critical,10.10.0.21,,,,auto-bridged-from-hypothesis,no
"The JWT trust boundary is shared across Juice Shop instances: a HS256 administrator token signed with 10.10.0.21's exposed /encryptionkeys/jwt.pub is accepted by adjacent Juice Shop instance 10.10.0.20, enabling lateral authentication reuse.",medium,10.10.0.21,,,,auto-bridged-from-hypothesis,no
The confirmed server-side JavaScript injection in 10.10.0.21 /rest/track-order can act as an application-layer pivot to test network reachability from the Juice Shop container to disclosed internal control-plane peers.,medium,10.10.0.21,,,,auto-bridged-from-hypothesis,no
"The unauthenticated GENESIS Replica Manager on 10.10.0.1:3701 exposes state-changing management endpoints such as /spawn without any auth gate, enabling a pivot/compute-control primitive if invoked with valid parameters.",medium,10.10.0.21,,,,auto-bridged-from-hypothesis,no
ChromaDB leaked a concrete untested pivot route: a Chromium renderer on 10.10.0.2:3301 with POST /render may provide SSRF/LFI reachability into internal networks that were not visible through direct TCP scans.,high,10.10.0.21,,,,auto-bridged-from-hypothesis,no
"class: premium/deluxe business logic, hypothesis: a normal customer can upgrade to deluxe by submitting the exposed premium.key as paymentId with paymentMode=premium.",medium,10.10.0.21,,,,auto-bridged-from-hypothesis,no
"10.10.0.1:8001 exposes unauthenticated ChromaDB read/write API, allowing an attacker to enumerate or modify vector collections without credentials.",medium,10.10.0.21,,,,auto-bridged-from-hypothesis,no
OWASP Juice Shop test accounts or weak/default credentials are still enabled and issue bearer JWTs usable against protected endpoints.,high,10.10.0.21,,,,auto-bridged-from-hypothesis,no
The pulled login.ts artifact contains SQL query construction or auth logic explaining known login/authentication vulnerabilities.,medium,10.10.0.21,,,,auto-bridged-from-hypothesis,no
"The unauthenticated /metrics endpoint may disclose process/runtime labels, internal hostnames, or network-facing dependency names that can guide pivot discovery without re-running broad scans.",medium,10.10.0.21,,,,auto-bridged-from-hypothesis,no
"Previously surfaced local artifacts under /data/security/artifacts/current contain source/binary files (e.g., KeePass DB or compiled Python encryptor) that can be analyzed for hardcoded secrets or weak crypto.",critical,10.10.0.21,,,,auto-bridged-from-hypothesis,no
The Juice Shop /ftp null-byte bypass exposes binary artefacts (for example .pyc or KeePass vault files) suitable for reverse engineering and credential/key extraction.,medium,10.10.0.21,,,,auto-bridged-from-hypothesis,no
The disclosed adjacent host 10.10.0.1 implies the target is on a 10.10.0.0/24 lab segment; a narrow discovery sweep of only already-relevant HTTP/pivot ports may reveal additional hosts or control-plane services without repeating full basic scanning of 10.10.0.21.,medium,10.10.0.21,,,,auto-bridged-from-hypothesis,no
"Customer JWTs can access other users' protected profile objects via /api/Users/{id}, indicating object-level authorization is missing on user resources.",critical,10.10.0.21,,,,auto-bridged-from-hypothesis,no
"The exposed /encryptionkeys/jwt.pub can be abused for RS256-to-HS256 JWT algorithm confusion on this Juice Shop instance, not only on adjacent instances.",medium,10.10.0.21,,,,auto-bridged-from-hypothesis,no
"The downloadable package manifest fingerprints high-risk native parser dependencies (libxmljs/sqlite3) used by already-confirmed XXE/SQLi surfaces, but the exposed FTP artefacts themselves do not contain a runnable native parser binary for fuzzing/instrumentation.",medium,10.10.0.21,,,,auto-bridged-from-hypothesis,no
"The newly discovered GENESIS UI on 10.10.0.1:3000 may disclose its backend API base URL, route names, or required header names in its frontend JavaScript, enabling controlled discovery of the adjacent Uvicorn APIs on 10.10.0.1:8000 and 10.10.0.8:8000.",medium,10.10.0.21,,,,auto-bridged-from-hypothesis,no
"The NextGen B2B API reuses the same vulnerable JWT middleware, so an unsigned or HS/RS-confused admin token bypasses bearer authentication on /b2b/v2/orders.",medium,10.10.0.21,,,,auto-bridged-from-hypothesis,no
"Static frontend/server artifacts in /data/security/artifacts/current include references to the B2B notevil sink or JWT key endpoints, enabling source-backed vulnerability context for already-confirmed auth/SSJI primitives.",critical,10.10.0.21,,,,auto-bridged-from-hypothesis,no
"The GENESIS nginx UI on 10.10.0.1:3000 reverse-proxies /api/v1 and /ws to the Uvicorn backend, which may expose the same health/auth boundary from the browser origin and clarify topology.",medium,10.10.0.21,,,,auto-bridged-from-hypothesis,no
"The track-order route contains a source-level server-side JavaScript injection path where URL parameter id is interpolated into a dynamically evaluated Mongo/MarsDB $where query, matching the live fs.readFileSync oracle reported by exploitdev.",critical,10.10.0.21,,,,auto-bridged-from-hypothesis,no
The live B2B orders endpoint deterministically exposes a server-side eval sink by parsing attacker-supplied orderLinesData with notevil; this can be confirmed without claiming sandbox escape/RCE.,critical,10.10.0.21,,,,auto-bridged-from-hypothesis,no
The NextGen B2B endpoint /b2b/v2/orders validates JWTs insecurely and accepts unsigned alg=none tokens.,medium,10.10.0.21,,,,auto-bridged-from-hypothesis,no
"The pulled source embeds the RS256 JWT private key and uses permissive jws verification, making token forgery/confusion feasible and explaining the confirmed alg=none admin JWT replay.",critical,10.10.0.21,,,,auto-bridged-from-hypothesis,no
"Issued JWTs remain valid after a user's password is reset, because the application does not bind tokens to password version or session revocation state.",medium,10.10.0.21,,,,auto-bridged-from-hypothesis,no
"Hosts adjacent to the Juice Shop container on 10.10.0.0/24 (10.10.0.1, 10.10.0.6, 10.10.0.7) may expose pivot-capable services such as SSH, SMB, WinRM, Kerberos, Redis, or databases.",medium,10.10.0.21,,,,auto-bridged-from-hypothesis,no
A concrete unsigned alg=none JWT produced by crypto_jwt_confusion is accepted by /b2b/v2/orders as an authorization credential.,medium,10.10.0.21,,,,auto-bridged-from-hypothesis,no
"The 10.10.0.0/24 subnet surfaced via XXE /proc/net/route and /proc/net/fib_trie may contain additional hosts/services beyond ARP-neighbors already tested, including platform services on high-signal ports.",medium,10.10.0.21,,,,auto-bridged-from-hypothesis,no
"The alg=none JWT flaw affects the main application API authorization middleware, allowing forged admin claims to access protected REST resources such as /api/Users/.",critical,10.10.0.21,,,,auto-bridged-from-hypothesis,no
The newly discovered adjacent host 10.10.0.20:3000 is a patched sibling Juice Shop instance that can help compare exploitability but does not provide lateral-movement services.,medium,10.10.0.21,,,,auto-bridged-from-hypothesis,no
"Nmap confirmation of the XXE-disclosed 10.10.0.0/24 route will show the masscan hits are limited to known HTTP services, with no viable lateral movement ports.",medium,10.10.0.21,,,,auto-bridged-from-hypothesis,no
An HS256 token signed with the exposed RSA public key PEM bytes is accepted by protected API routes due to RS256-to-HS256 JWT algorithm confusion.,medium,10.10.0.21,,,,auto-bridged-from-hypothesis,no
"The JWT authorizer does not enforce standard temporal claims; forged admin tokens with no exp, future nbf, or future iat are accepted for admin endpoints.",critical,10.10.0.21,,,,auto-bridged-from-hypothesis,no
"The /api/Users collection requires authentication but lacks role authorization, allowing a low-privileged customer JWT to enumerate all users.",medium,10.10.0.21,,,,auto-bridged-from-hypothesis,no
"class: JWT claim validation, hypothesis: the verifier ignores or inconsistently enforces exp on forged alg=none/HS256 tokens, allowing indefinite replay tokens without a valid expiry.",critical,10.10.0.21,,,,auto-bridged-from-hypothesis,no
"The main Juice Shop REST API accepts unsigned alg=none admin JWTs, but HS256 public-key confusion on the main REST API is unproven and may be scoped only to the B2B middleware.",medium,10.10.0.21,,,,auto-bridged-from-hypothesis,no
"The change-password endpoint uses GET and requires no anti-CSRF token when Authorization is supplied, making it vulnerable in non-browser clients and exposing state-changing action to unsafe method triggering if bearer tokens are attached by integrations.",medium,10.10.0.21,,,,auto-bridged-from-hypothesis,no
"The protected encrypt.pyc can be retrieved through the known double-encoded null-byte .md allowlist bypass, enabling verification of the RSA encryption routine.",medium,10.10.0.21,,,,auto-bridged-from-hypothesis,no
"The exposed encrypt.pyc is strong enough source evidence to treat the FTP extension allowlist bypass as a confirmed artifact-disclosure vulnerability, but not yet enough to confirm decryptability of announcement_encrypted.md without recovering all RSA constants.",critical,10.10.0.21,,,,auto-bridged-from-hypothesis,no
The remaining private JavaScript dependencies loaded by the hidden Planet Orangeuze page are standard static libraries and do not expose further app-specific secrets or native/parser surfaces.,medium,10.10.0.21,,,,auto-bridged-from-hypothesis,no
"The login SQL injection in POST /rest/user/login remains reachable and returns a usable admin JWT, matching prior SQLi findings and the server-side injection class requested for static/code analysis.",high,10.10.0.21,,,,auto-bridged-from-hypothesis,no
"The double-encoded null byte /ftp allowlist bypass permits direct retrieval of blocked bytecode artifacts such as encrypt.pyc, exposing implementation details and enabling weak-crypto recovery.",medium,10.10.0.21,,,,auto-bridged-from-hypothesis,no
Unauthenticated /rest/user/security-question leaks whether an email address is registered and discloses the account's password-reset security question.,medium,10.10.0.21,,,,auto-bridged-from-hypothesis,no
"redirect.ts and isRedirectAllowed use substring matching against the allow-list, enabling open redirect to attacker-controlled hosts whose URL contains an allowed URL.",medium,10.10.0.21,,,,auto-bridged-from-hypothesis,no
trackOrder.ts contains a reachable NoSQL/JavaScript injection sink via Mongo $where string interpolation; /rest/track-order/:id can return multiple orders with a truthy injected expression.,medium,10.10.0.21,,,,auto-bridged-from-hypothesis,no
"The /ftp download allow-list can be bypassed with a double-encoded poison null byte suffix, allowing retrieval of blocked backup files such as package.json.bak.",medium,10.10.0.21,,,,auto-bridged-from-hypothesis,no
The forgot-password security-question flow is reachable at Juice Shop's reset-password endpoint and allows Jim account takeover with answer 'Samuel'.,medium,10.10.0.21,,,,auto-bridged-from-hypothesis,no
"Juice Shop exposes /rest/user/authentication-details/ to a low-privileged customer, leaking historical JWTs including an admin token that is still accepted on /api/Users/1.",medium,10.10.0.21,,,,auto-bridged-from-hypothesis,no
"The accepted Juice Shop JWTs are vulnerable to alg=none signature bypass, allowing unsigned tokens to pass backend authentication checks.",medium,10.10.0.21,,,,auto-bridged-from-hypothesis,no
The authentication-details leak and broken authorization let a low-privileged customer retrieve admin/user objects and admin configuration.,medium,10.10.0.21,,,,auto-bridged-from-hypothesis,no
fileUpload.ts zip handling is vulnerable to Zip Slip arbitrary file write because entry.path is concatenated into uploads/complaints and only checked with absolutePath.includes(path.resolve('.')).,medium,10.10.0.21,,,,auto-bridged-from-hypothesis,no
"server.ts exposes /metrics without authentication, leaking application telemetry including upload/error counters.",medium,10.10.0.21,,,,auto-bridged-from-hypothesis,no
"The web application on 10.10.0.21:3000 exposes downloadable source artifacts (sourcemaps, backups, Swagger, or repo metadata) that can be statically analyzed for injection sinks and secrets.",critical,10.10.0.21,,,,auto-bridged-from-hypothesis,no
"Juice Shop JWT sessions are not invalidated after password change, so a stolen pre-change token remains usable for API access.",medium,10.10.0.21,,,,auto-bridged-from-hypothesis,no
"Because 10.10.0.21 exposes /encryptionkeys/jwt.pub and uses RS256 JWTs, the local Juice Shop accepts an HS256 token signed with the RSA public key as the HMAC secret (RS→HS algorithm confusion).",medium,10.10.0.21,,,,auto-bridged-from-hypothesis,no
"User object endpoints perform no object-level ownership checks, allowing a customer JWT to enumerate arbitrary sequential /api/Users/{id} records beyond the authenticated user's own id.",medium,10.10.0.21,,,,auto-bridged-from-hypothesis,no
"The login endpoint is vulnerable to authentication bypass via SQL-injection-style email payloads, returning a valid JWT without knowing the password.",medium,10.10.0.21,,,,auto-bridged-from-hypothesis,no
The hardcoded RSA private key in insecurity.ts is active in production and can be used by an attacker with source access to forge an admin RS256 JWT accepted by protected APIs.,critical,10.10.0.21,,,,auto-bridged-from-hypothesis,no
The MongoDB/MarsDB `$where` sink in trackOrder.ts is exploitable on the live target for shell-free Node.js file read/code execution through `process.mainModule.require`.,medium,10.10.0.21,,,,auto-bridged-from-hypothesis,no
