finding,severity,target,remediation,tools_used,cvss,signature,novel
Unauthenticated Spring Boot Actuator Health Discloses WebGoat Runtime Topology,medium,OWASP WebGoat 2025.3 / Spring Boot Actuator on Apache Tomcat 10.1.36,Restrict actuator endpoints to authenticated administrators or a private management interface and hide health details from unauthenticated users.,,5.3,"T1082, T1590.004",no
Unauthenticated Spring Boot Actuator Env Exposes Sensitive Configuration Keyspace,medium,OWASP WebGoat 2025.3 / Spring Boot Actuator on Apache Tomcat 10.1.36,Disable public env/configprops actuator exposure or require strong administrative authentication and network restrictions.,,5.3,"T1082, T1552.002",no
WebWolf Session Cookie Lacks Secure and SameSite on Plaintext HTTP,medium,OWASP WebWolf / Spring Security on Apache Tomcat 10.1.36,Serve WebWolf exclusively over HTTPS and set Secure and SameSite=Strict/Lax on session cookies.,,5.4,"T1539, T1550.004",no
WebGoat JSESSIONID cookie issued without Secure or SameSite over plaintext HTTP,medium,OWASP WebGoat 2025.3 / Spring Security on Apache Tomcat 10.1.36,Serve WebGoat only over HTTPS and set Secure plus SameSite=Strict/Lax on session cookies; disable URL-based session tracking.,,5.4,"T1539, T1550.004",no
WebWolf WEBWOLFSESSION cookie issued without Secure or SameSite over plaintext HTTP,medium,OWASP WebWolf / Spring Security on Apache Tomcat 10.1.36,Serve WebWolf only over HTTPS and set Secure plus SameSite=Strict/Lax on WEBWOLFSESSION.,,5.4,"T1539, T1550.004",no
Unauthenticated Spring Boot Actuator ConfigProps Exposes Application Binding Metadata,medium,OWASP WebGoat 2025.3 / Spring Boot Actuator on Apache Tomcat 10.1.36,Disable public configprops exposure or restrict actuator endpoints to authenticated administrators on a private management network.,,5.3,"T1082, T1590.004",no
WebGoat Session Cookie Lacks Secure and SameSite on Plaintext HTTP,medium,OWASP WebGoat 2025.3 / Spring Security on Apache Tomcat 10.1.36,Serve WebGoat exclusively over HTTPS and set Secure plus SameSite=Strict/Lax on JSESSIONID.,,5.4,"T1539, T1550.004",no
JWT alg=none authentication bypass on WebGoat JWTVotesEndpoint,high,OWASP WebGoat 2025.3 JWTVotesEndpoint / Spring Boot on Apache Tomcat 10.1.36,Disable alg=none support and validate JWTs with a pinned algorithm and server-side key management.,,8.1,"T1550.001, T1606",no
Weak hard-coded JWT HMAC secret 'victory' permits forged admin token,high,OWASP WebGoat 2025.3 JWTVotesEndpoint / Spring Boot on Apache Tomcat 10.1.36,"Remove hard-coded JWT secrets, rotate signing keys, and require a high-entropy >=512-bit HS512 secret stored outside source/config.",,8.1,"T1552.002, T1550.001, T1606",no
Unauthenticated Spring Boot Actuator health endpoint leaks runtime metadata,medium,OWASP WebGoat 2025.3 Spring Boot Actuator / Apache Tomcat 10.1.36,Restrict actuator endpoints to authenticated administrators and disable detailed health output for unauthenticated users.,,5.3,"T1082, T1590.004",no
Unauthenticated Spring Boot Actuator env exposes sensitive configuration keyspace,medium,OWASP WebGoat 2025.3 Spring Boot Actuator / Apache Tomcat 10.1.36,Disable /actuator/env or restrict it to an internal authenticated management plane; do not expose sensitive key names externally.,,6.5,"T1082, T1552.002",no
Unauthenticated Spring Boot Actuator configprops exposes application binding metadata,medium,OWASP WebGoat 2025.3 Spring Boot Actuator / Apache Tomcat 10.1.36,Disable /actuator/configprops externally or require administrator authentication and network restrictions.,,5.3,"T1082, T1590.004",no
WebGoat JWT Voting Lesson Uses Weak HS512 HMAC Secret 'victory',medium,OWASP WebGoat 2025.3 JWT Voting Lesson / Spring Boot on Apache Tomcat 10.1.36,"Rotate the JWT HMAC secret to a high-entropy per-environment value, invalidate existing tokens, enforce issuer/audience/expiry, and set Secure/SameSite on token cookies.",,6.5,"T1550.001, T1606",no
WebGoat JWT Voting Lesson Accepts alg=none Admin Tokens,medium,OWASP WebGoat 2025.3 JWT Voting Lesson / Spring Boot on Apache Tomcat 10.1.36,"Disable unsecured JWT parsing, pin accepted algorithms to HS512 with a strong key, and add tests that alg=none tokens are rejected.",,6.5,"T1550.001, T1606",no
WebWolf URL-Rewrites Session Identifier into Redirect Location,medium,OWASP WebWolf / Spring Security on Apache Tomcat 10.1.36,"Disable URL-based session tracking, use cookie-only sessions, and set Secure/SameSite with HTTPS enforcement.",,5.4,"T1539, T1550.004",no
WebGoat JWT voting access_token uses weak HS512 secret 'victory' enabling admin token forgery,high,OWASP WebGoat 2025.3 JWTVotesEndpoint / Spring Boot on Apache Tomcat 10.1.36,Replace the hard-coded HMAC secret with rotated high-entropy key material and enforce issuer/audience/expiry claims.,,8.1,"T1552.001, T1550.001, T1606",no
WebGoat JWT voting endpoint accepts unsigned alg=none admin tokens,high,OWASP WebGoat 2025.3 JWTVotesEndpoint / Spring Boot on Apache Tomcat 10.1.36,Reject alg=none/unsigned JWTs and pin the allowed signing algorithm server-side instead of trusting the token header.,,8.1,"T1550.001, T1606",no
Session Cookies Issued Over Plaintext HTTP Without Secure/SameSite,medium,OWASP WebGoat/WebWolf 2025.3 / Apache Tomcat 10.1.36,Serve WebGoat/WebWolf only over HTTPS and set Secure plus SameSite=Strict/Lax on all session/token cookies.,,5.4,"T1539, T1550.004",no
WebWolf URL-rewrites WEBWOLFSESSION into redirect Location on protected upload route,medium,OWASP WebWolf / Spring Security on Apache Tomcat 10.1.36,Disable URL-based session tracking and use Secure/SameSite cookies over HTTPS only.,,5.4,"T1539, T1550.004",no
WebWolf uploaded files are retrievable unauthenticated and cross-account by username/filename,medium,OWASP WebWolf / Spring MVC on Apache Tomcat 10.1.36,Require authentication and enforce that the requested username matches the authenticated principal before serving uploaded files.,,6.5,"T1190, T1530, T1083",no
WebWolf Authenticated File Uploads Are Publicly Retrievable Without Authorization,medium,OWASP WebWolf / Spring Boot on Apache Tomcat 10.1.36,"Require authentication and per-user authorization for /WebWolf/files/{username}/{filename}, or make uploaded files unguessable and access-controlled.",,6.5,"T1105, T1530",no
Authenticated WebWolf Incoming Requests Page Returns HTTP 500 Error,low,OWASP WebWolf / Spring Boot on Apache Tomcat 10.1.36,"Add null checks and error handling for empty request logs, and return the expected request page instead of HTTP 500.",,3.5,T1499,no
Unauthenticated Spring Boot Actuator Discovery Index Exposes Management Endpoints,medium,OWASP WebGoat 2025.3 / Spring Boot Actuator v3 on Apache Tomcat 10.1.36,Restrict actuator endpoints to authenticated administrators and expose only minimal health/info endpoints.,,5.3,"T1590.002, T1082",no
Unauthenticated Actuator Health Leaks Database Engine and Filesystem Topology,medium,OWASP WebGoat 2025.3 / Spring Boot Actuator Health on Apache Tomcat 10.1.36,Disable unauthenticated health details and require authentication for component/subcomponent health data.,,5.3,"T1082, T1590.004",no
Unauthenticated Actuator Env Exposes Sensitive Configuration Keyspace,medium,OWASP WebGoat 2025.3 / Spring Boot Actuator Env on Apache Tomcat 10.1.36,Disable the env actuator endpoint or restrict it to authenticated administrators only.,,6.5,"T1082, T1552.002",no
Unauthenticated Actuator ConfigProps Exposes Spring Binding Metadata,medium,OWASP WebGoat 2025.3 / Spring Boot Actuator ConfigProps on Apache Tomcat 10.1.36,Disable configprops exposure or require administrative authentication for actuator configuration metadata.,,5.3,"T1082, T1590.004",no
WebGoat Session Cookie Issued Over Plaintext Without Secure or SameSite,medium,OWASP WebGoat 2025.3 / Spring Security Session on Apache Tomcat 10.1.36,"Serve WebGoat only over HTTPS and set Secure, HttpOnly, and SameSite=Strict/Lax on session cookies.",,5.4,"T1539, T1550.004",no
WebWolf Session Cookie Issued Over Plaintext Without Secure/SameSite and Leaked in URL-Rewritten Redirect,medium,OWASP WebWolf / Spring Security Session on Apache Tomcat 10.1.36,"Use HTTPS, set Secure/SameSite session attributes, and disable URL-based session tracking.",,6.1,"T1539, T1550.004",no
Missing Function-Level Access Control on WebGoat Hidden Menu Completion Endpoint,medium,OWASP WebGoat 2025.3 Missing Function Access Control Lesson / Spring Boot on Apache Tomcat 10.1.36,Enforce server-side authorization and lesson state checks for hidden/non-public functions instead of relying on UI navigation.,,6.5,"T1190, T1078.003",no
Authenticated WebGoat Error Responses Disclose Full Java Stack Traces,medium,OWASP WebGoat 2025.3 / Spring Boot Error Handling on Apache Tomcat 10.1.36,Disable stack traces in HTTP error responses and return generic client errors while logging details server-side only.,,5.3,T1082,no
Weak Hard-Coded JWT HMAC Secret Allows Forged Admin access_token,high,OWASP WebGoat 2025.3 JWTVotesEndpoint / HS512 JWT on Apache Tomcat 10.1.36,Replace the hard-coded JWT secret with a strong rotated secret from a secret manager and enforce robust JWT claim validation.,,8.1,"T1550.001, T1606",no
WebWolf Serves Uploaded Active Content Inline and Publicly Without Authentication,medium,OWASP WebWolf File Upload / Apache Tomcat 10.1.36,"Restrict allowed upload types, store files outside the web root, and serve user uploads as attachments with safe content types and nosniff.",,6.1,"T1190, T1189",no
Unauthenticated Cross-User Access to WebWolf Uploaded Files,medium,OWASP WebWolf Files Route / Apache Tomcat 10.1.36,Require authentication and object ownership checks before serving user-uploaded files.,,5.7,"T1078.003, T1213",no
WebWolf Files Page Publicly Exposes Upload Surface and Route Conventions,low,OWASP WebWolf Files UI / Apache Tomcat 10.1.36,Require authentication for /WebWolf/files and do not disclose upload/retrieval route conventions to unauthenticated users.,,3.7,T1590.002,no
CSRF on WebWolf File Upload Allows Cross-Site File Planting,medium,OWASP WebWolf File Upload / Spring Security on Apache Tomcat 10.1.36,Require CSRF tokens and validate Origin/Referer for /WebWolf/fileupload; set SameSite=Lax or Strict on WEBWOLFSESSION.,,6.5,"T1539, T1189",no
CSRF on WebGoat Registration Allows Cross-Site Account Creation,medium,OWASP WebGoat 2025.3 Registration / Spring MVC on Apache Tomcat 10.1.36,Add CSRF tokens and Origin/Referer validation to registration and other state-changing public forms.,,5.4,T1189,no
Unauthenticated Spring Boot Actuator Env Exposes Auth/OAuth Session Configuration Names,medium,OWASP WebGoat 2025.3 / Spring Boot Actuator on Apache Tomcat 10.1.36,Disable public env/configprops actuator exposure or require administrator authentication and network allow-listing.,,5.3,"T1082, T1552.002",no
Unauthenticated Spring Boot Actuator Discovery Index Exposes Management Surface,medium,OWASP WebGoat 2025.3 / Spring Boot Actuator on Apache Tomcat 10.1.36,Restrict actuator exposure to the minimum endpoints and require administrative authentication/network allow-listing for all management paths.,,5.3,"T1590.004, T1082",no
Unauthenticated Actuator Health Discloses Database and Filesystem Metadata,medium,OWASP WebGoat 2025.3 / Spring Boot Actuator on Apache Tomcat 10.1.36,Disable public health details and require authentication for detailed health component output.,,5.3,"T1082, T1590.004",no
Unauthenticated Actuator Env Exposes Runtime Configuration Keyspace,medium,OWASP WebGoat 2025.3 / Spring Boot Actuator on Apache Tomcat 10.1.36,Remove env from web exposure or require administrative authentication and audit all exposed property keys.,,5.3,"T1082, T1552.002",no
Unauthenticated Actuator ConfigProps Exposes Spring Binding and Bean Metadata,medium,OWASP WebGoat 2025.3 / Spring Boot Actuator on Apache Tomcat 10.1.36,Disable the configprops endpoint in web exposure or protect it with administrative authorization.,,5.3,"T1082, T1590.004",no
WebGoat Session ID Leaked in URL-Rewritten Redirect and Cookie Lacks Secure/SameSite,medium,OWASP WebGoat 2025.3 / Spring Security on Apache Tomcat 10.1.36,"Force cookie-only session tracking, enable TLS, and set Secure and SameSite on session cookies.",,6.1,"T1539, T1550.004",no
WebWolf Session Cookie Missing Secure and SameSite Attributes on Auth Redirects,medium,OWASP WebWolf / Spring Security on Apache Tomcat 10.1.36,Serve WebWolf only over HTTPS and set Secure and SameSite on WEBWOLFSESSION cookies.,,5.4,"T1539, T1550.004",no
GitHub OAuth Flow Uses Plaintext HTTP Callback and Non-Secure Session Cookie,medium,OWASP WebGoat 2025.3 OAuth2 Client / Spring Security on Apache Tomcat 10.1.36,"Serve WebGoat over HTTPS only, register an HTTPS OAuth callback URI, set Secure/SameSite cookies, and enable PKCE for public-client style deployments.",,6.5,"T1539, T1550.001",no
Authenticated WebWolf Arbitrary File Hosting Primitive,medium,OWASP WebWolf on Apache Tomcat 10.1.36,Restrict uploaded file types and make hosted files private or scoped to authorized users; do not use WebWolf-style public hosting in production.,,5.4,"T1105, T1583.006",no
WebGoat JWT Votes Endpoint Accepts Forged Admin Token Signed With Hard-Coded HS512 Secret,medium,OWASP WebGoat 2025.3 JWT Votes Lesson / Spring Boot on Apache Tomcat 10.1.36,"Remove the hard-coded JWT signing key, rotate the secret, and do not trust client-controlled admin claims for authorization decisions.",,6.5,"T1606, T1550.001",no
Unauthenticated WebGoat Self-Registration Grants Authenticated Access to Lesson Attack Surface,medium,OWASP WebGoat 2025.3 Registration / Spring Boot on Apache Tomcat 10.1.36,Disable public WebGoat registration on exposed hosts or restrict it to an internal lab network.,,5.3,T1078.003,no
Unauthenticated Spring Boot Actuator Disclosure on WebGoat,medium,OWASP WebGoat 2025.3 Spring Boot Actuator on Apache Tomcat 10.1.36,Restrict Actuator endpoints to authenticated administrators and disable env/configprops exposure in production.,,5.3,"T1082, T1552.002",no
WebGoat JWT Voting Token Uses Weak HS512 Secret Allowing Admin Claim Forgery,high,OWASP WebGoat 2025.3 JWT Voting Lesson / Spring Boot on Apache Tomcat 10.1.36,Use a high-entropy rotated signing key from a secret manager and derive authorization server-side rather than trusting mutable JWT admin claims.,,8.1,"T1550.001, T1606",no
WebGoat JWT voting endpoint accepts unsigned alg=none admin tokens,medium,OWASP WebGoat 2025.3 JWT Lesson API on Apache Tomcat 10.1.36,"Disable alg=none entirely, pin the expected JWT algorithm server-side, and require signature verification before trusting claims.",,6.5,"T1550.001, T1606",no
WebGoat JWT voting endpoint uses weak hard-coded HS512 secret 'victory',medium,OWASP WebGoat 2025.3 JWTVotesEndpoint / Spring Boot on Apache Tomcat 10.1.36,Replace hard-coded JWT secrets with a high-entropy rotated secret from a secure secret manager and invalidate existing tokens.,,6.5,"T1552.002, T1550.001",no
WebGoat Publicly Serves Legacy Vulnerable jQuery and jQuery UI Libraries,low,OWASP WebGoat 2025.3 static JavaScript on Apache Tomcat 10.1.36,Remove or isolate vulnerable lesson libraries from production/static paths and upgrade to jQuery >=3.5.0 and jQuery UI >=1.13.x.,,3.7,"CVE-2019-11358, CVE-2021-41182, CVE-2021-41183",no
Authenticated WebWolf Arbitrary HTML Upload Served Inline Enables Stored XSS/Content Injection,medium,OWASP WebWolf file hosting/upload on Apache Tomcat 10.1.36,"Restrict upload MIME/extensions, store files outside the web root, and serve user uploads with Content-Disposition: attachment plus X-Content-Type-Options: nosniff; use a separate untrusted domain for user content if inline rendering is required.",,6.1,"T1189, T1059.007",no
WebWolf File Upload Filename Traversal Escapes Per-User Directory,high,OWASP WebWolf file upload/download on Apache Tomcat 10.1.36,"Normalize and validate uploaded filenames, reject any path separators or '..', resolve the destination path, and enforce that it remains under the authenticated user's storage directory.",,8.1,"T1190, T1006",no
Unauthenticated Spring Boot Actuator Health Discloses Database and Filesystem Topology,medium,OWASP WebGoat 2025.3 / Spring Boot Actuator on Apache Tomcat 10.1.36,Restrict actuator endpoints to authenticated administrators and disable health details for unauthenticated users.,,5.3,"T1082, T1590.004",no
WebGoat JSESSIONID issued without Secure or SameSite on authentication redirect,medium,OWASP WebGoat 2025.3 / Spring Security on Apache Tomcat 10.1.36,Set Secure and SameSite=Lax/Strict on session cookies and serve WebGoat only over HTTPS.,,5.4,"T1539, T1550.004",no
Unauthenticated Spring Boot Actuator Environment Metadata Disclosure,medium,OWASP WebGoat 2025.3 / Spring Boot Actuator on Apache Tomcat 10.1.36,Restrict actuator endpoints to authenticated administrators and expose only health/info on untrusted interfaces.,,5.3,"T1082, T1552.002",no
Tomcat Default Error Page Version Disclosure,medium,Apache Tomcat 10.1.36 hosting OWASP WebGoat/WebWolf:8080,Disable Tomcat server info in error responses and use a generic application error page.,,5.3,T1082,no
Unauthenticated Actuator Health Leaks Database Engine Details,medium,OWASP WebGoat 2025.3 / Spring Boot Actuator on Apache Tomcat 10.1.36,Require authorization for detailed health components and expose only aggregate health publicly.,,5.3,"T1082, T1590.004",no
Outdated vulnerable jQuery and jQuery UI libraries are bundled and publicly served,medium,OWASP WebGoat 2025.3 static JavaScript bundle on Apache Tomcat 10.1.36,"Upgrade jQuery/jQuery UI to currently supported versions and remove intentionally vulnerable aliases from the production/static application bundle, or isolate them to lessons with strict CSP and no sensitive origin privileges.",,6.1,CVE-2015-9251,no
WebWolf WEBWOLFSESSION issued without Secure or SameSite on protected-route redirects,medium,OWASP WebWolf / Spring Security on Apache Tomcat 10.1.36,Set Secure and SameSite=Lax/Strict on WebWolf session cookies and enforce HTTPS.,,5.4,"T1539, T1550.004",no
WebGoat leaks JSESSIONID in URL-rewritten redirect Location header,medium,OWASP WebGoat 2025.3 / Spring Security on Apache Tomcat 10.1.36,Disable URL-based session tracking and require cookie-only session tracking with Secure/SameSite attributes.,,5.3,"T1539, T1550.004",no
WebGoat login lacks observable rate limiting or lockout on failed attempts,medium,OWASP WebGoat 2025.3 / Spring Security on Apache Tomcat 10.1.36,Add per-account and per-source login throttling/lockout with 429 and Retry-After after repeated failures.,,5.3,"T1110.001, T1110.003",no
Missing Function-Level Access Control on Hidden Menu Completion Endpoint,medium,OWASP WebGoat 2025.3 Missing Function Access Control Lesson / Spring Boot on Apache Tomcat 10.1.36,Enforce server-side authorization/state checks before accepting hidden menu completion submissions and validate required parameters without returning stack traces.,,6.5,"T1190, T1078.003",no
WebGoat public registration accepts cross-origin form POST account creation without CSRF token,medium,OWASP WebGoat 2025.3 / Spring Security on Apache Tomcat 10.1.36,Enable Spring Security CSRF protection for registration and reject unauthenticated state-changing POSTs without a valid token.,,6.5,"T1078.003, T1185",no
Missing function-level access control on WebGoat hidden-menu completion endpoint,medium,OWASP WebGoat 2025.3 Missing Function Access Control Lesson / Spring Boot on Apache Tomcat 10.1.36,Enforce server-side authorization/state checks for hidden functions and do not rely on hidden client-side menu parameters.,,6.5,"T1190, T1078.003",no
WebGoat JWT voting endpoint accepts tokens signed with weak hard-coded HMAC secret 'victory',medium,OWASP WebGoat 2025.3 JWTVotesEndpoint / Spring Boot on Apache Tomcat 10.1.36,Replace the hard-coded weak JWT HMAC secret with a high-entropy managed secret or asymmetric signing and validate claims server-side.,,6.5,"T1550.003, T1606",no
Authenticated WebGoat SSRF Lesson Performs Server-Side External URL Fetch,medium,OWASP WebGoat 2025.3 SSRF Lesson API on Apache Tomcat 10.1.36,Disable arbitrary URL fetching or enforce strict destination allowlists and private-address blocking on server-side fetch features.,,6.5,"T1190, T1090",no
WebWolf File Upload Serves User-Controlled HTML/JavaScript as text/html,medium,OWASP WebWolf / Spring Boot on Apache Tomcat 10.1.36,"Restrict upload types, store files outside the web-executable context, and serve user uploads as attachments with nosniff and a non-HTML content type.",,6.1,"T1189, T1059.007",no
WebGoat JWT voting cookie uses weak hard-coded HS512 secret 'victory' enabling forged access_token acceptance,high,OWASP WebGoat 2025.3 JWTVotesEndpoint / Spring Boot on Apache Tomcat 10.1.36,"Replace the weak hard-coded JWT secret, rotate existing tokens, and bind authorization claims to server-side identity/state.",,8.1,"T1550.003, T1606",no
Authenticated WebWolf /requests route discloses full Java stack trace,medium,OWASP WebWolf / Spring Boot on Apache Tomcat 10.1.36,Disable stack traces in error responses and fix the null dereference in the requests trace filtering code.,,5.3,"T1082, T1590.002",no
Authenticated WebGoat Lesson Metadata Exposes Network-Relevant Attack Surface Map,low,OWASP WebGoat 2025.3 Lesson API on Apache Tomcat 10.1.36,Restrict lesson metadata and lesson JavaScript to intended training users and remove such endpoints from production deployments.,,3.7,"T1592.002, T1083",no
WebWolf file upload serves attacker HTML as same-origin text/html,medium,OWASP WebWolf file upload on Apache Tomcat 10.1.36,"Restrict upload extensions/MIME types, store uploads outside the web execution origin, and serve user files with `Content-Disposition: attachment`, `X-Content-Type-Options: nosniff`, and a non-executable content type.",,6.1,T1189,no
WebGoat JWT voting endpoint accepts forged admin JWTs via weak HS512 secret and alg=none,medium,OWASP WebGoat 2025.3 JWTVotesEndpoint / Spring Boot on Apache Tomcat 10.1.36,"Use a high-entropy secret from protected configuration, pin JWT algorithms, reject alg=none, rotate the current secret, and do not trust client-controlled admin claims.",,6.5,"T1550.001, T1606",no
Unauthenticated Spring Boot Actuator Discovery Index Exposes Management Surface,medium,OWASP WebGoat 2025.3 / Spring Boot Actuator on Apache Tomcat 10.1.36,Restrict actuator endpoints to authenticated administrators or bind them to an internal management interface.,,5.3,"T1590.004, T1082",no
Unauthenticated Actuator Env Endpoint Exposes Runtime Property Keyspace,medium,OWASP WebGoat 2025.3 / Spring Boot Actuator on Apache Tomcat 10.1.36,Disable the env actuator endpoint or protect it with strong administrative authentication.,,5.3,"T1082, T1552.002",no
Unauthenticated Actuator ConfigProps Discloses Bean Binding Metadata,medium,OWASP WebGoat 2025.3 / Spring Boot Actuator on Apache Tomcat 10.1.36,Disable configprops exposure or restrict it to authenticated administrators only.,,5.3,"T1082, T1590.004",no
Unauthenticated Actuator Health DB Leaks Database Engine Metadata,medium,OWASP WebGoat 2025.3 / Spring Boot Actuator on Apache Tomcat 10.1.36,Configure actuator health to hide details from unauthenticated users.,,5.3,"T1082, T1590.004",no
Tomcat Error Pages Disclose Exact Server Version,low,Apache Tomcat 10.1.36 hosting WebGoat/WebWolf:8080,Disable Tomcat serverInfo and detailed default error reports.,,3.7,T1590.002,no
WebGoat Session Cookie Missing Secure/SameSite and JSESSIONID Leaked in URL Rewrite,medium,OWASP WebGoat 2025.3 / Spring Security on Apache Tomcat 10.1.36,"Set Secure and SameSite on session cookies, serve only over HTTPS, and disable URL-based session tracking.",,6.1,"T1539, T1550.004",no
WebWolf Session Cookie Missing Secure and SameSite Attributes,medium,OWASP WebWolf / Spring Security on Apache Tomcat 10.1.36,Set Secure and SameSite on session cookies and serve WebWolf only over HTTPS.,,5.4,"T1539, T1550.004",no
Authenticated WebGoat Error Responses Disclose Full Java Stack Traces,medium,OWASP WebGoat 2025.3 / Spring Boot on Apache Tomcat 10.1.36,Disable stack traces in production error responses and return generic error bodies.,,5.3,T1082,no
Authenticated WebWolf Requests Page Discloses Full Java Stack Trace,medium,OWASP WebWolf / Spring Boot on Apache Tomcat 10.1.36,Suppress stack traces in error responses and fix null handling in the requests controller.,,5.3,T1082,no
Missing Function-Level Access Control on Hidden Menu Completion Endpoint,medium,OWASP WebGoat 2025.3 Missing Function Access Control Lesson / Spring Boot on Apache Tomcat 10.1.36,Enforce server-side authorization and state checks on hidden/administrative lesson functions.,,6.5,"T1190, T1078.003",no
WebWolf Allows Stored HTML/JavaScript Upload Served as text/html,medium,OWASP WebWolf file upload / Spring Boot on Apache Tomcat 10.1.36,"Restrict allowed upload types, sanitize content, and serve user uploads as attachments from a separate non-executable origin.",,6.1,"T1189, T1059.007",no
Authenticated SSRF Endpoint Fetches Attacker-Controlled External URLs,high,OWASP WebGoat 2025.3 SSRF Lesson / Spring Boot on Apache Tomcat 10.1.36,"Enforce strict URL allowlists, block internal/private address ranges, and avoid returning raw fetched content.",,7.5,"T1190, T1090",no
JWT Voting Endpoint Accepts Forged access_token Cookies Signed with Weak Secret victory,high,OWASP WebGoat 2025.3 JWT Voting Lesson / Spring Boot on Apache Tomcat 10.1.36,Replace the hard-coded HMAC secret with a high-entropy secret/key management solution and rotate all issued JWTs.,,8.1,"T1550.001, T1606",no
Authenticated XXE in WebGoat XML Lesson Endpoints,medium,OWASP WebGoat 2025.3 XXE Lesson / Spring Boot on Apache Tomcat 10.1.36,Disable DTDs and external entity resolution in all XML parsers and reject XML where JSON/form data is expected.,,6.5,"T1190, T1005",no
Public WebGoat Registration Lacks CSRF Protection for Account Creation,medium,OWASP WebGoat 2025.3 Registration / Spring Security on Apache Tomcat 10.1.36,Require CSRF tokens and SameSite cookies on registration and other state-changing endpoints.,,6.5,"T1136, T1185",no
Client-side filtering endpoint exposes all employee SSNs and salaries,medium,OWASP WebGoat 2025.3 ClientSideFiltering lesson / Spring Boot on Apache Tomcat 10.1.36,Move filtering and authorization to the server; return only records the authenticated principal is allowed to see and redact or omit SSNs by default.,,6.5,"T1530, T1005",no
Client-Side Filtering Salary Endpoint Discloses All Employee SSNs and Salaries,high,OWASP WebGoat 2025.3 Client-Side Filtering Lesson / Spring Boot on Apache Tomcat 10.1.36,Apply server-side authorization and filtering so only the requested and authorized user's record is returned.,,7.5,"T1005, T1213",no
Publicly Served Obsolete jQuery UI 1.10.3 Library,low,OWASP WebGoat static JavaScript / jQuery UI v1.10.3,Upgrade jQuery UI to a currently supported version and audit widget usage for attacker-controlled HTML inputs.,,3.7,"CVE-2016-7103, CVE-2021-41182, CVE-2021-41183",no
Unauthenticated Spring Boot Actuator Endpoints Expose Runtime and Service Metadata,medium,OWASP WebGoat 2025.3 / Spring Boot Actuator on Apache Tomcat 10.1.36,Restrict actuator exposure to required endpoints only and require authentication for all management routes.,,5.3,"T1082, T1590.004, T1552.002",no
WebGoat JWT Voting Endpoint Accepts Forged HS512 Admin Token Signed With Weak Secret,medium,OWASP WebGoat 2025.3 JWT Voting lesson / Spring Boot on Apache Tomcat 10.1.36,Replace hard-coded JWT secrets with high-entropy environment-managed keys and validate JWT claims against the authenticated server-side principal.,,6.5,"T1550.001, T1606",no
WebWolf Files Page Is Publicly Accessible Without Authentication,low,OWASP WebWolf / Spring Security on Apache Tomcat 10.1.36,Require authentication for /WebWolf/files and all file-management routes unless the files page is intentionally public.,,3.7,T1190,no
WebWolf File Upload Lacks CSRF Protection,medium,OWASP WebWolf file upload / Spring Security on Apache Tomcat 10.1.36,Enable Spring Security CSRF protection for /WebWolf/fileupload and add SameSite=Lax/Strict to WEBWOLFSESSION cookies.,,6.5,"T1190, T1539",no
WebGoat JWT voting access_token signed with weak hard-coded HS512 secret,medium,OWASP WebGoat 2025.3 JWTVotesEndpoint / Spring Boot on Apache Tomcat 10.1.36,Replace the hard-coded JWT HMAC key with a rotated high-entropy secret and reject client-controlled admin claims.,,6.5,"T1550.001, T1606",no
Authenticated arbitrary HTML file upload publicly served by WebWolf,medium,OWASP WebWolf on Spring Security / Apache Tomcat 10.1.36,"Enforce server-side file type allowlists, sanitize names, store uploads outside the executable web context, and serve untrusted uploads as attachments with nosniff/CSP.",,6.5,"T1105, T1189",no
WebWolf Serves Uploaded HTML as Executable text/html Content,high,OWASP WebWolf file storage / Spring Boot on Apache Tomcat 10.1.36,"Reject active file types or serve all uploads from an isolated download domain with application/octet-stream, Content-Disposition: attachment, and X-Content-Type-Options: nosniff.",,8.0,"T1059.007, T1189",no
Weak HS512 JWT Signing Secret Allows WebGoat Voting Token Forgery,medium,OWASP WebGoat 2025.3 JWT Votes lesson / Spring Boot on Apache Tomcat 10.1.36,Replace the hard-coded HMAC secret with a strong rotated secret and reject all previously signed tokens.,,6.5,"T1550.001, T1606",no
Missing Function-Level Access Control on WebGoat Hidden Menu Completion Endpoint,medium,OWASP WebGoat 2025.3 Missing Function Access Control lesson / Spring Boot on Apache Tomcat 10.1.36,"Enforce server-side authorization checks on hidden/non-public functions, not only UI hiding.",,6.1,"T1190, T1078.003",no
WebGoat JSESSIONID Leaked in URL-Rewritten Redirect and Missing Secure/SameSite Flags,medium,OWASP WebGoat 2025.3 / Spring Security on Apache Tomcat 10.1.36,Disable URL session rewriting and set Secure and SameSite on session cookies; serve authentication only over HTTPS.,,5.4,"T1539, T1550.004",no
WebWolf Session Cookie Missing Secure and SameSite Attributes,medium,OWASP WebWolf / Spring Security on Apache Tomcat 10.1.36,Serve WebWolf over HTTPS and configure Secure plus SameSite=Lax/Strict on WEBWOLFSESSION.,,5.0,"T1539, T1550.004",no
WebWolf File Upload Allows Directory Traversal Outside User Artifact Directory,high,OWASP WebWolf file upload / Spring Boot on Apache Tomcat 10.1.36,"Canonicalize upload destinations, reject path separators and '..' in client filenames, and enforce that normalized destinations remain under the authenticated user's storage directory.",,8.1,"T1190, T1105",no
WebGoat PathTraversal Profile Upload Allows Directory Escape via fullName,medium,OWASP WebGoat 2025.3 PathTraversal lesson / Spring Boot on Apache Tomcat 10.1.36,Do not concatenate user-controlled profile fields into filesystem paths; normalize/canonicalize the destination and reject path separators or '..'.,,6.5,T1190,no
JWT kid header SQL injection enables forged Tom deletion token,high,OWASP WebGoat 2025.3 JWTHeaderKIDEndpoint / Spring Boot on Apache Tomcat 10.1.36,Parameterize/allowlist JWT kid key lookup and never trust header-controlled SQL or key material.,,8.1,"T1190, T1550.001",no
Authenticated XXE Endpoint Provides Loopback Port-Scanning Oracle,medium,OWASP WebGoat 2025.3 XXE lesson on Apache Tomcat 10.1.36,Disable DTDs/external entities in all XML parsers and reject XML payloads containing DOCTYPE declarations.,,6.5,"T1190, T1046",no
JWT JKU header trusts attacker-hosted JWKS via WebWolf file upload,high,OWASP WebGoat 2025.3 JWTHeaderJKUEndpoint + OWASP WebWolf file hosting / Apache Tomcat 10.1.36,Disable arbitrary JKU fetching and pin JWT verification keys to a trusted allowlist.,,8.1,"T1550.001, T1190",no
JWT kid Header SQL Injection Enables Forged Token Acceptance,high,OWASP WebGoat 2025.3 JWT KID lesson / Spring Boot on Apache Tomcat 10.1.36 with HSQLDB:8080,"Parameterize kid lookups, allowlist key IDs, and never let JWT headers influence SQL or key material directly.",,8.1,"T1550.001, T1190",no
IDOR Exposes Other Users' WebGoat Profile Data,medium,OWASP WebGoat 2025.3 IDOR lesson / Spring Boot on Apache Tomcat 10.1.36,Bind object access to the authenticated principal and enforce authorization on every object ID request.,,6.5,"T1190, T1078.003",no
WebWolf File Upload Accepts CSRF Multipart POST Without Token,medium,OWASP WebWolf / Spring Security on Apache Tomcat 10.1.36,Enable CSRF tokens for WebWolf state-changing routes and set SameSite on WEBWOLFSESSION.,,6.1,"T1539, T1204",no
WebGoat JWT KID Header SQL Injection Enables Forged Tom Token,high,OWASP WebGoat 2025.3 JWT KID lesson / Spring Boot on Apache Tomcat 10.1.36 with HSQLDB:8080,"Parameterize the KID key lookup, strictly validate kid syntax, and pin accepted algorithms/key IDs to server-side configuration.",,8.1,"T1190, T1059.007, T1550.001",no
WebGoat IDOR Allows Direct Access to Another User's Profile,medium,OWASP WebGoat 2025.3 IDOR lesson / Spring Boot on Apache Tomcat 10.1.36,Enforce object-level authorization on /IDOR/profile/{userId}; do not rely on obscurity of sequential/internal IDs.,,6.5,"T1190, T1087.001",no
Authenticated Path Traversal in WebGoat Profile Upload fullName,high,OWASP WebGoat 2025.3 PathTraversal lesson / Spring Boot on Apache Tomcat:8080,"Canonicalize and normalize upload destinations, reject path separators/dot segments in user-controlled fields, and ensure resolved paths stay under the intended per-user base directory.",,8.1,"T1190, T1105",no
Unauthenticated Spring Boot Actuator Metadata Disclosure,medium,OWASP WebGoat 2025.3 / Spring Boot Actuator on Apache Tomcat 10.1.36,Restrict actuator exposure to the minimum required endpoints and require authenticated administrative access; disable detailed health/env/configprops output in production.,,5.3,"T1082, T1590.004, T1552.002",no
Weak Hard-Coded HMAC Secret Allows Forged JWT Voting Tokens,high,OWASP WebGoat 2025.3 JWTVotesEndpoint / Spring Boot on Apache Tomcat:8080,"Remove hard-coded JWT secrets, rotate the signing key, use strong server-side key management, and reject client-supplied privilege claims unless derived server-side.",,8.1,"T1552.001, T1606, T1550.001",no
Weak HS512 JWT Secret Allows Forged Admin access_token in WebGoat JWT Voting Lesson,high,OWASP WebGoat 2025.3 JWT Lesson API on Spring Boot / Apache Tomcat 10.1.36,"Replace the hard-coded HMAC secret with a high-entropy environment-managed key, rotate existing tokens, and do not trust client-controlled admin claims for authorization.",,8.1,"T1550.003, T1606",no
Authenticated lesson JavaScript discloses hardcoded JWT refresh password,medium,OWASP WebGoat 2025.3 JWT Refresh Lesson / Spring Boot on Apache Tomcat:8080,Remove hardcoded credentials from client-side JavaScript and validate token issuance server-side against per-user secrets or the authenticated session.,,6.5,"T1552.001, T1528",no
Unsigned alg=none JWTs Accepted by WebGoat JWT Voting Endpoint,high,OWASP WebGoat 2025.3 JWT Lesson API on Spring Boot / Apache Tomcat 10.1.36,"Reject `alg=none`, enforce a fixed server-side JWT algorithm allow-list, and verify every token signature before trusting claims.",,8.1,"T1550.001, T1606",no
JWT alg=none Accepted for Voting Authorization,high,OWASP WebGoat 2025.3 JWTVotesEndpoint / Spring Boot on Apache Tomcat:8080,"Disable alg=none/unsecured JWT parsing, pin accepted algorithms server-side, and verify signatures before trusting authorization claims.",,8.1,"T1606, T1550.001",no
Missing Function-Level Access Control on Hidden Menu Completion Endpoint,medium,OWASP WebGoat 2025.3 MissingFunctionAC lesson / Spring Boot on Apache Tomcat:8080,Apply server-side authorization and lesson-state checks to hidden endpoints; do not rely on UI hiding as access control.,,6.5,"T1190, T1078.003",no
WebGoat Authentication and JWT Cookies Transmitted Over Cleartext HTTP Without Secure/SameSite Attributes,medium,OWASP WebGoat/WebWolf Spring Boot on Apache Tomcat 10.1.36,"Enable HTTPS for WebGoat/WebWolf, redirect all HTTP to HTTPS, and set session/JWT cookies with Secure and SameSite attributes.",,6.5,"T1539, T1550.004",no
Authenticated Error Responses Disclose Full Java Stack Traces,medium,OWASP WebGoat 2025.3 / Spring Boot on Apache Tomcat:8080,Disable stack traces/messages in production error responses and handle invalid parameters with sanitized 400 responses.,,5.3,"T1082, T1592.002",no
Client-disclosed WebGoat profile upload path traversal sink,medium,OWASP WebGoat 2025.3 Path Traversal Lesson / Spring Boot on Apache Tomcat:8080,"Canonicalize and allowlist all path components used for upload destinations, reject ../ and absolute paths, and store uploads outside executable/static roots.",,6.5,"T1190, T1083",no
Reflected DOM XSS via PathTraversal Upload Feedback Rendered with jQuery .html(),medium,OWASP WebGoat 2025.3 PathTraversal lesson UI / Spring Boot + jQuery:8080,Encode user-controlled values in feedback/output and replace jQuery .html() rendering with .text() or a sanitizer such as DOMPurify with a strict policy.,,6.1,"T1059.007, T1185",no
Authenticated XML External Entity parser in WebGoat XXE lesson,high,OWASP WebGoat 2025.3 XXE Lesson / Spring Boot on Apache Tomcat:8080,Disable DTDs and external entity resolution in XML parsers and avoid parsing attacker-controlled XML where JSON or a safe schema is sufficient.,,8.1,"T1190, T1005",no
Unauthenticated Spring Boot Actuator Discovery Index Exposes Management Endpoints,medium,OWASP WebGoat 2025.3 / Spring Boot Actuator on Apache Tomcat 10.1.36,Restrict Actuator endpoints to authenticated administrators and expose only health/info externally.,,5.3,"T1590.004, T1082",no
Unauthenticated Actuator Health Leaks Database and Filesystem Metadata,medium,OWASP WebGoat 2025.3 / Spring Boot Actuator on Apache Tomcat 10.1.36,Disable detailed health output for unauthenticated users and protect non-public health groups.,,5.3,"T1082, T1590.004",no
Unauthenticated Actuator Env Exposes Sensitive Configuration Keyspace,medium,OWASP WebGoat 2025.3 / Spring Boot Actuator on Apache Tomcat 10.1.36,Disable /actuator/env externally or require administrative authentication.,,6.5,"T1082, T1552.002",no
Unauthenticated Actuator ConfigProps Exposes Spring Binding Metadata,medium,OWASP WebGoat 2025.3 / Spring Boot Actuator on Apache Tomcat 10.1.36,Disable /actuator/configprops externally or require administrative authentication.,,5.3,"T1082, T1590.004",no
WebGoat Session Identifier Leaked in URL-Rewritten Redirect and Cookie Missing Secure/SameSite,medium,OWASP WebGoat 2025.3 / Spring Security on Apache Tomcat 10.1.36,"Disable URL-based session tracking and set Secure, HttpOnly, and SameSite on session cookies over HTTPS.",,5.4,"T1539, T1550.004",no
WebWolf Session Cookie Missing Secure and SameSite Flags,medium,OWASP WebWolf / Spring Security on Apache Tomcat 10.1.36,Serve WebWolf only over HTTPS and set Secure and SameSite attributes on WEBWOLFSESSION.,,5.0,"T1539, T1550.004",no
Authenticated WebGoat Error Responses Disclose Full Java Stack Traces,medium,OWASP WebGoat 2025.3 / Spring Boot on Apache Tomcat 10.1.36,Disable stack traces in error responses and return generic production error pages.,,5.3,T1082,no
Missing Function-Level Access Control on Hidden Menu Completion Endpoint,medium,OWASP WebGoat 2025.3 Missing Function Access Control Lesson / Spring Boot on Apache Tomcat 10.1.36,Enforce server-side authorization and lesson-state checks on hidden functionality.,,6.5,"T1190, T1078.003",no
JWT Votes Endpoint Accepts Unsigned alg=none Admin Token,high,OWASP WebGoat 2025.3 JWTVotesEndpoint / Spring Boot on Apache Tomcat 10.1.36,Reject alg=none and pin allowed JWT algorithms in server-side verification.,,8.1,"T1550.001, T1606",no
JWT Votes Endpoint Uses Hard-Coded HMAC Secret 'victory',high,OWASP WebGoat 2025.3 JWTVotesEndpoint / Spring Boot on Apache Tomcat 10.1.36,"Remove hard-coded JWT secrets, use strong environment-managed keys, and rotate existing tokens.",,8.1,"T1550.001, T1606",no
JWT KID Header SQL Injection Allows Attacker-Chosen Verification Key,high,OWASP WebGoat 2025.3 JWTHeaderKIDEndpoint / Spring Boot on Apache Tomcat 10.1.36 with HSQLDB:8080,Use parameterized SQL for KID lookup and validate kid against a strict allow-list.,,8.6,"T1190, T1059.007, T1550.001",no
JWT JKU Header Trusts Attacker-Controlled JWKS Hosted on WebWolf,high,OWASP WebGoat 2025.3 JWTHeaderJKUEndpoint + WebWolf file hosting:8080,Do not fetch JWKS from token-supplied URLs; pin trusted issuers and JWKS endpoints.,,8.1,"T1550.001, T1606",no
IDOR Allows Access to Another User's Profile,medium,OWASP WebGoat 2025.3 IDOR Lesson / Spring Boot on Apache Tomcat 10.1.36,Enforce object ownership checks on profile IDs and avoid exposing predictable identifiers.,,6.5,"T1190, T1078.003",no
Server-Side Request Forgery in WebGoat SSRF Task2 Fetches External URL,medium,OWASP WebGoat 2025.3 SSRF Lesson / Spring Boot on Apache Tomcat 10.1.36,"Apply strict URL allow-lists, block private/loopback destinations, and restrict server egress.",,6.5,"T1190, T1090",no
Path Traversal in WebGoat Profile Upload and Zip Slip Processing,high,OWASP WebGoat 2025.3 PathTraversal Lesson / Spring Boot on Apache Tomcat 10.1.36,Normalize and constrain all upload paths to an allowed directory; reject traversal in filenames and ZIP entries.,,8.1,"T1190, T1083",no
Public WebWolf Third-Party Source Maps Expose Client-Side Source Tree,low,OWASP WebWolf / WebJars jQuery 3.7.1 and Bootstrap 5.3.3 on Apache Tomcat 10.1.36,Remove source maps from production or restrict them to authenticated development environments.,,3.7,T1590.002,no
Unsigned alg=none JWT Accepted by WebGoat JWT Refresh Checkout Endpoint,high,OWASP WebGoat 2025.3 JWT Refresh Endpoint on Spring Boot / Apache Tomcat 10.1.36,"Reject unsigned JWTs, enforce signature verification for Bearer tokens, and bind refresh checkout authorization to server-side session/account state.",,8.1,"T1550.001, T1606",no
JWT JKU Header Trust Allows Attacker-Hosted JWKS Signature Bypass,high,OWASP WebGoat 2025.3 JWTHeaderJKUEndpoint on Spring Boot / Apache Tomcat 10.1.36,Do not trust client-controlled `jku`; pin JWT verification keys or strictly allow-list HTTPS JWKS origins and validate issuer/audience/kid.,,8.1,"T1550.001, T1606",no
JWT alg=none acceptance allows forged admin access_token in WebGoat JWT voting endpoint,medium,OWASP WebGoat 2025.3 JWT Lesson API on Apache Tomcat 10.1.36,Pin a strong server-side signing algorithm/key and reject alg=none/unsigned JWTs for authorization decisions.,,6.5,"T1550.001, T1606",no
Weak hard-coded JWT HMAC secret enables forged admin HS512 access_token,medium,OWASP WebGoat 2025.3 JWT Lesson API on Apache Tomcat 10.1.36,Replace the hard-coded HMAC secret with a rotated high-entropy secret stored in a secret manager and reject tokens signed with legacy keys.,,6.5,"T1550.003, T1606",no
JSESSIONID leaked in URL-rewritten redirect and issued without Secure/SameSite flags,medium,OWASP WebGoat 2025.3 Spring Security on Apache Tomcat 10.1.36,Disable URL-based session tracking and set Secure plus SameSite on session cookies behind HTTPS.,,5.4,"T1539, T1550.004",no
WebWolf session cookie lacks Secure and SameSite attributes,medium,OWASP WebWolf / Spring Security on Apache Tomcat 10.1.36,Serve WebWolf over HTTPS and set Secure plus SameSite=Lax/Strict on WEBWOLFSESSION.,,5.4,"T1539, T1550.004",no
WebGoat URL-Rewritten JSESSIONID Disclosure and Missing Secure/SameSite Cookie Attributes,medium,OWASP WebGoat 2025.3 / Spring Security on Apache Tomcat 10.1.36,Disable URL session tracking and set Secure/SameSite on session cookies behind HTTPS.,,5.4,"T1539, T1550.004",no
WebWolf URL-Rewritten Session Disclosure and Missing Secure/SameSite Cookie Attributes,medium,OWASP WebWolf / Spring Security on Apache Tomcat 10.1.36,Disable URL session tracking and set Secure/SameSite session-cookie attributes behind HTTPS.,,5.4,"T1539, T1550.004",no
Unauthenticated Spring Boot Actuator Health/Env/ConfigProps Expose Backend Topology Metadata,medium,OWASP WebGoat 2025.3 / Spring Boot Actuator on Apache Tomcat 10.1.36,Restrict actuator endpoints to authenticated administrators on a management network and disable env/configprops exposure.,,5.3,"T1082, T1590.004, T1552.002",no
WebGoat Serves Obsolete Vulnerable Client-Side Libraries,low,OWASP WebGoat 2025.3 static client assets / Spring Boot on Apache Tomcat 10.1.36,Remove intentionally vulnerable legacy client libraries from production builds and upgrade jQuery/jQuery UI/Bootstrap to supported patched versions.,,3.7,"CVE-2015-9251, CVE-2019-11358, CVE-2021-41182",no
Authenticated WebGoat Helper API Discloses Assignment Endpoint Map,medium,OWASP WebGoat 2025.3 MVC helper APIs / Spring Boot on Apache Tomcat 10.1.36,Scope helper metadata APIs to the current lesson/page and avoid returning a global assignment path map to ordinary users.,,5.3,"T1083, T1592.002",no
WebGoat JWT Voting Accepts alg=none Admin Cookie Token,high,OWASP WebGoat 2025.3 JWT Voting Lesson / Spring Boot on Apache Tomcat 10.1.36,"Reject alg=none/unsigned JWTs, pin the expected signing algorithm, use a strong server-side secret/key, and derive admin authorization from server-side identity rather than client-controlled claims.",,8.1,"T1606, T1550.001",no
WebGoat JWT Voting Lesson Accepts Weak-Secret Forged Admin Token,medium,OWASP WebGoat 2025.3 JWTVotesEndpoint / Spring Boot on Apache Tomcat 10.1.36,"Rotate the JWT signing key to a high-entropy secret, remove hard-coded secrets, and never trust client-controlled admin claims without server-side authorization.",,6.5,"T1550.001, T1606",no
Authenticated WebWolf Uploads Become Publicly Readable User Files,medium,OWASP WebWolf / Spring Security on Apache Tomcat 10.1.36,"Require authentication and ownership checks for /WebWolf/files/{username}/** or generate unguessable, time-limited download URLs.",,5.4,"T1105, T1584.008, T1608.001",no
WebGoat JWT Voting Uses Weak Hard-Coded HS512 Secret 'victory',high,OWASP WebGoat 2025.3 JWT Voting Lesson / Spring Boot on Apache Tomcat 10.1.36,"Replace the hard-coded HMAC secret with a high-entropy secret from a secret manager, rotate it, and reject tokens signed with the old value.",,8.1,"T1606, T1552.001, T1550.001",no
WebGoat JWT JKU Header Triggers Server-Side URL Fetch and Internal Service Oracle,high,OWASP WebGoat 2025.3 JWT JKU Lesson API / Spring Boot on Apache Tomcat 10.1.36,Disable untrusted JKU resolution or enforce a strict HTTPS allowlist with private/loopback address blocking and generic error messages.,,8.1,"T1190, T1552, T1590.004",no
WebGoat JWT Voting Tokens Signed With Weak HS512 Secret 'victory',medium,OWASP WebGoat 2025.3 JWT Voting Lesson / Spring Boot on Apache Tomcat 10.1.36,"Use a high-entropy secret stored outside source control, rotate existing JWT secrets, and authorize admin actions from server-side identity rather than mutable client claims.",,6.5,"T1552.001, T1606, T1078.003",no
WebGoat JWT JKU Trusts Attacker-Controlled WebWolf JWKS URL,critical,OWASP WebGoat 2025.3 JWT JKU Lesson / WebWolf File Hosting / Spring Boot on Apache Tomcat 10.1.36,"Disable arbitrary JKU fetching; allowlist/pin trusted JWKS endpoints and issuers, require HTTPS, and never trust user-controlled file hosting as a key source.",,9.1,"T1606, T1550.001, T1105",no
WebGoat JWT kid Header SQL Injection Enables Attacker-Chosen Verification Key,high,OWASP WebGoat 2025.3 JWT kid Lesson / Spring Boot on Apache Tomcat 10.1.36,"Parameterize the kid key lookup, allowlist kid values, and bind each issuer/audience to a pinned algorithm and key set.",,8.1,"T1190, T1059.007, T1606",no
WebGoat JWT kid Header SQL Injection Enables Forged Delete Token,critical,OWASP WebGoat 2025.3 JWT KID Lesson / Spring Boot on Apache Tomcat 10.1.36 / HSQLDB:8080,"Parameterize the kid database lookup, strictly validate kid against an allowlist, pin expected algorithms, and reject tokens whose key id is not in a trusted key registry.",,9.0,"T1190, T1059.007, T1606",no
WebGoat JWT Votes Endpoint Accepts Unsigned alg=none Admin Token,high,OWASP WebGoat 2025.3 JWT Voting Lesson / Spring Boot on Apache Tomcat 10.1.36,"Disable alg=none, require signed JWS parsing, and pin accepted algorithms server-side.",,7.5,"T1606, T1550.001",no
Unauthenticated Spring Boot Actuator exposes runtime and topology metadata,medium,OWASP WebGoat Spring Boot Actuator on Apache Tomcat 10.1.x,"Restrict actuator exposure to authenticated administrators or an internal management network, and disable env/configprops in production.",,5.3,"T1082, T1590.004, T1552.002",no
WebGoat JSESSIONID URL-Rewrite Leakage and Missing Secure/SameSite Attributes,medium,OWASP WebGoat 2025.3 / Spring Security on Apache Tomcat 10.1.36,"Use cookie-only session tracking, enable HTTPS, and set Secure and SameSite on session cookies.",,6.5,"T1539, T1550.004",no
Session identifier leaked in URL-rewritten redirects and insecure cookie attributes,medium,OWASP WebGoat / WebWolf Spring Security on Apache Tomcat 10.1.x,"Serve the applications only over HTTPS, set Secure and SameSite on session cookies, and disable URL-based session tracking.",,5.4,"T1539, T1550.004",no
WebGoat exposes known-vulnerable legacy client-side JavaScript dependencies,medium,OWASP WebGoat frontend / RequireJS assets on Apache Tomcat:8080,"Remove legacy dependency aliases and upgrade bundled jQuery/jQuery UI to supported patched versions, then verify no application route imports jqueryvuln/jqueryuivuln.",,6.1,"CVE-2015-9251, CVE-2019-11358, CVE-2021-41182",no
Unauthenticated actuator health reveals database and filesystem topology,medium,OWASP WebGoat Spring Boot Actuator health endpoint:8080,Require authorization for detailed health components and disable public subcomponent health details.,,5.3,"T1082, T1590.004",no
Unauthenticated WebGoat Spring Boot Actuator Information Disclosure,medium,OWASP WebGoat 2025.3 / Spring Boot Actuator on Apache Tomcat 10.1.36,Restrict actuator exposure to required endpoints only and require authentication/authorization for all management routes.,,5.3,"T1082, T1590.004, T1552.002",no
WebGoat URL-Rewritten Session Identifier Disclosure on Registration Redirect,medium,OWASP WebGoat 2025.3 / Spring Security on Apache Tomcat 10.1.36,"Disable URL session rewriting and use secure, HttpOnly, SameSite cookies over HTTPS only.",,5.4,"T1539, T1550.004",no
Outdated Vulnerable Client-Side Libraries Exposed by WebGoat,low,OWASP WebGoat 2025.3 static JavaScript assets:8080,Upgrade jQuery/jQuery UI to supported versions and remove intentionally vulnerable libraries from globally reachable application bundles.,,3.7,"CVE-2020-11022, CVE-2020-11023, CVE-2016-7103",no
WebGoat LessonContentView Uses Unsafe HTML Rendering Sinks for Server-Supplied Lesson Data,medium,OWASP WebGoat 2025.3 Backbone client:8080,Replace .html() with safe text rendering or sanitize all server-supplied HTML with a strict allowlist before DOM insertion.,,5.4,T1189,no
Cross-Service JWT JKU Trust Allows Attacker-Hosted JWKS to Forge Accepted RS256 Tokens,high,OWASP WebGoat 2025.3 JWT JKU Lesson API + OWASP WebWolf file hosting on Apache Tomcat 10.1.36,Do not resolve attacker-supplied JKU headers; pin trusted JWKS/key material or enforce a strict HTTPS allowlist with private-address blocking.,,8.1,"T1550.001, T1606, T1190",no
JWT JKU Header Trusts Attacker-Controlled JWKS URL,high,OWASP WebGoat 2025.3 JWT JKU Lesson API / Spring Boot on Apache Tomcat 10.1.36,Do not trust client-supplied JKU URLs; pin JWKS origins/keys server-side and require HTTPS with strict allowlisting.,,8.1,"T1550.001, T1606",no
WebGoat JWT voting endpoint accepts HS512 tokens forged with weak hard-coded secret 'victory',medium,OWASP WebGoat 2025.3 JWT Lesson API / Spring Boot on Apache Tomcat 10.1.36,Use a high-entropy rotated signing key and never authorize admin actions solely from client-controlled JWT claims.,,6.5,"T1550.003, T1606",no
WebGoat JWT voting endpoint accepts forged alg=none admin token in access_token cookie,medium,OWASP WebGoat 2025.3 JWT Lesson API on Apache Tomcat 10.1.36,Disable alg=none/Unsecured JWT parsing and require server-side verification with a pinned algorithm and key before trusting claims.,,6.5,"T1550.001, T1606",no
WebGoat JWT voting tokens signed with weak hard-coded HS512 secret 'victory',medium,OWASP WebGoat 2025.3 JWT Lesson API on Apache Tomcat 10.1.36,Use a high-entropy per-environment signing key stored outside source code and enforce server-side authorization rather than trusting client-supplied JWT role/admin claims.,,6.5,"T1550.001, T1606",no
Missing Function-Level Access Control on Hidden Menu Completion Endpoint,medium,OWASP WebGoat 2025.3 Missing Function Access Control Lesson / Spring Boot on Apache Tomcat 10.1.36,"Enforce server-side authorization/state checks on every lesson action endpoint, not only in the UI.",,6.5,"T1190, T1078.003",no
WebGoat JWT voting endpoint uses weak hard-coded HS512 secret 'victory',medium,OWASP WebGoat 2025.3 JWT Lesson API on Apache Tomcat 10.1.36,"Replace the hard-coded HMAC secret with high-entropy server-side key material, rotate it, and prevent lesson/business tokens from sharing static demo keys.",,6.5,"T1552.002, T1550.001, T1606",no
Weak hard-coded HS512 JWT secret allows forging WebGoat voting admin token,medium,OWASP WebGoat 2025.3 JWT Votes lesson / Spring Boot on Apache Tomcat 10.1.36,"Remove hard-coded JWT secrets, rotate the signing key, store it in a secret manager, and enforce authorization server-side instead of trusting a client-modifiable admin claim.",,6.5,"T1552.001, T1606, T1190",no
WebGoat JWT voting endpoint accepts unsigned alg=none admin tokens,medium,OWASP WebGoat 2025.3 JWT Lesson API / Spring Boot on Apache Tomcat 10.1.36,"Disable alg=none, enforce a fixed signing algorithm, and verify every token signature before trusting claims.",,6.5,"T1550.001, T1606",no
Authenticated stored/reflected DOM XSS via WebGoat lesson AJAX output rendered with jQuery .html(),medium,OWASP WebGoat 2025.3 CrossSiteScripting Lesson / Spring Boot on Apache Tomcat 10.1.36,Do not render lesson feedback/output with .html(); use textContent/.text() or sanitize with an allow-list HTML sanitizer before insertion.,,6.1,T1189,no
JWT JKU header trust allows attacker-hosted JWKS authentication bypass,high,OWASP WebGoat 2025.3 JWT JKU lesson / Spring Boot on Apache Tomcat 10.1.36,Do not trust token-supplied JKU URLs; use a pinned allowlist of issuer JWKS endpoints or locally configured public keys and block loopback/private network fetches.,,8.1,"T1606, T1190",no
Authenticated JWT JKU endpoint enables constrained server-side request forgery and internal service probing,medium,OWASP WebGoat 2025.3 JWTHeaderJKUEndpoint / Spring Boot on Apache Tomcat:8080,"Do not fetch arbitrary JKU URLs; pin JWKS hosts/keys, require HTTPS, block loopback/link-local/RFC1918 destinations, and return generic errors without reflecting target URLs.",,6.5,T1190,no
JWT JKU header enables constrained server-side request forgery,medium,OWASP WebGoat 2025.3 JWT JKU lesson / Spring Boot on Apache Tomcat 10.1.36,Never fetch arbitrary token-supplied JKU URLs; pin trusted issuer JWKS endpoints and block loopback/private/link-local address ranges.,,6.5,"T1190, T1090",no
"The already-identified WebGoat JWT JKU primitive is weaponisable end-to-end: an authenticated user can host an attacker-controlled JWKS on WebWolf, sign a forged JWT with a matching RSA key, and complete the /WebGoat/JWT/jku/delete action as Tom.",medium,10.10.0.13,,,,auto-bridged-from-hypothesis,no
Client-side library exposure: WebGoat ships old jQuery/jQuery UI vulnerable components; public static assets are exposed but exploitability depends on reachable widgets.,medium,10.10.0.13,,,,auto-bridged-from-hypothesis,no
"Prior finding still present: WebGoat exposes the Spring Boot actuator discovery index unauthenticated, revealing available management endpoint links.",medium,10.10.0.13,,,,auto-bridged-from-hypothesis,no
Prior session fixation/cookie weakness still present on /WebGoat/register.mvc: plaintext JSESSIONID lacks Secure/SameSite and redirect leaks ;jsessionid URL parameter.,medium,10.10.0.13,,,,auto-bridged-from-hypothesis,no
"Advertised actuator health subpaths and configprops prefix endpoints expose more granular subsystem metadata than the top-level responses, even when values remain masked.",medium,10.10.0.13,,,,auto-bridged-from-hypothesis,no
Unauthenticated WebGoat static JavaScript and template files expose client framework details and API endpoint paths beyond the HTML login pages.,medium,10.10.0.13,,,,auto-bridged-from-hypothesis,no
"Directory listing is disabled for WebGoat/WebWolf static asset directories and webjars, preventing unauthenticated browsing of asset trees.",low,10.10.0.13,,,,auto-bridged-from-hypothesis,no
"Static resources support byte ranges and conditional requests while dynamic/actuator resources do not expose validators, yielding useful cache/forensics metadata but no directory browsing.",critical,10.10.0.13,,,,auto-bridged-from-hypothesis,no
Unauthenticated POSTs to login/registration/upload endpoints reveal method-specific redirect/error behavior and cookie/header attributes that differ from GET routes.,medium,10.10.0.13,,,,auto-bridged-from-hypothesis,no
"Path canonicalization differences, trailing slashes, semicolon matrix parameters, and encoded traversal tokens change WebGoat/WebWolf auth decisions or leak rewritten session IDs.",medium,10.10.0.13,,,,auto-bridged-from-hypothesis,no
"Forwarded headers such as X-Forwarded-Proto, X-Forwarded-Port, and Forwarded do not influence absolute redirects or actuator links on the directly exposed Tomcat services.",medium,10.10.0.13,,,,auto-bridged-from-hypothesis,no
"WebGoat/WebWolf do not apply HTTP compression to dynamic pages or small static assets by default, reducing BREACH-style exposure but leaving plaintext HTTP unaffected.",medium,10.10.0.13,,,,auto-bridged-from-hypothesis,no
Default Tomcat management/example applications are not deployed on the exposed ports beyond the WebGoat/WebWolf contexts.,medium,10.10.0.13,,,,auto-bridged-from-hypothesis,no
Authentication state query parameters on login pages expose user-visible messages and keep weak/no-cache header differences relevant to phishing or UX-driven exploit chains.,medium,10.10.0.13,,,,auto-bridged-from-hypothesis,no
"WebGoat actuator endpoints allow only safe read methods; unsafe write methods to env/configprops/health are rejected or redirected, preventing unauthenticated actuator mutation.",medium,10.10.0.13,,,,auto-bridged-from-hypothesis,no
The WebWolf public file-hosting URL pattern returns deterministic 404/redirect behavior for nonexistent files and does not enable unauthenticated directory listing by username.,low,10.10.0.13,,,,auto-bridged-from-hypothesis,no
WebGoat JWT lesson still accepts a forged alg=none token for admin/Tom due to JWT algorithm validation bypass.,medium,10.10.0.13,,,,auto-bridged-from-hypothesis,no
"WebGoat/WebWolf session cookies are still transmitted over plaintext HTTP without Secure/SameSite, enabling token/session theft or fixation in network-adjacent scenarios.",medium,10.10.0.13,,,,auto-bridged-from-hypothesis,no
"WebGoat registration/login flow still leaks JSESSIONID in URL rewriting and issues a session cookie without Secure/SameSite, enabling session fixation/exposure over plaintext HTTP.",medium,10.10.0.13,,,,auto-bridged-from-hypothesis,no
"WebGoat JWT voting tokens remain forgeable with the lesson's weak HS512 secret 'victory', allowing arbitrary claims to be accepted by JWT voting endpoints when submitted via the documented access_token flow.",medium,10.10.0.13,,,,auto-bridged-from-hypothesis,no
Previously confirmed unauthenticated WebGoat actuator health exposure is still present on 10.10.0.13:8080 and leaks subsystem metadata useful for chaining.,medium,10.10.0.13,,,,auto-bridged-from-hypothesis,no
Previously confirmed unauthenticated WebGoat actuator env exposure is still present and discloses configuration keyspace that may include pivot-relevant internal URLs or credentials.,medium,10.10.0.13,,,,auto-bridged-from-hypothesis,no
Previously confirmed WebWolf session cookie weakness is still present on 10.10.0.13:9090 and may support session-token exposure over plaintext HTTP.,medium,10.10.0.13,,,,auto-bridged-from-hypothesis,no
WebGoat exposes a reachable DOM-XSS gadget because authenticated lesson AJAX endpoints can return attacker-controlled feedback/output that LessonContentView injects with .html().,medium,10.10.0.13,,,,auto-bridged-from-hypothesis,no
Previously confirmed unauthenticated WebGoat actuator configprops exposure is still present and discloses application binding metadata useful for endpoint and component mapping.,medium,10.10.0.13,,,,auto-bridged-from-hypothesis,no
"WebGoat and WebWolf session cookies are missing modern prefix/attribute protections, increasing impact of the already-confirmed URL-rewritten session identifier exposure.",medium,10.10.0.13,,,,auto-bridged-from-hypothesis,no
Authenticated lesson HTML generated by the client-discovered `LessonContentModel` route pattern (`/{Lesson}.lesson`) exposes concrete attack-form endpoints and client callback attributes that can guide focused exploitation beyond unauthenticated static artifacts.,medium,10.10.0.13,,,,auto-bridged-from-hypothesis,no
WebWolf still leaks WEBWOLFSESSION in URL-rewritten redirects for unsupported/protected methods such as GET /WebWolf/fileupload.,medium,10.10.0.13,,,,auto-bridged-from-hypothesis,no
The scoped WebGoat/WebWolf account wg79c5fa:Abc12345 unlocks authenticated lesson and WebWolf utility endpoints that can be used for SSRF/pivot discovery and file-staging tests.,high,10.10.0.13,,,,auto-bridged-from-hypothesis,no
"The WebGoat JWT KID lesson accepts a forged HS256 token whose kid header injects a UNION SELECT key from HSQL metadata, allowing token validation using attacker-known key material.",medium,10.10.0.13,,,,auto-bridged-from-hypothesis,no
"With the scoped WebWolf credential, /WebWolf/fileupload provides a file-staging primitive whose uploaded content is retrievable via /WebWolf/files/{username}/{filename} without authentication.",medium,10.10.0.13,,,,auto-bridged-from-hypothesis,no
The confirmed WebWolf public file-retrieval primitive can serve as an HTTP exfiltration/staging channel for arbitrary marker data without DLP blocking.,critical,10.10.0.13,,,,auto-bridged-from-hypothesis,no
"Authenticated GET /WebWolf/requests consistently returns HTTP 500, creating an application reliability/error-handling finding but not a stack trace disclosure in the latest oracle.",low,10.10.0.13,,,,auto-bridged-from-hypothesis,no
Pulled client-side WebGoat/WebWolf JavaScript artifacts contain additional undocumented endpoints or client-side sinks not yet converted into confirmed findings.,medium,10.10.0.13,,,,auto-bridged-from-hypothesis,no
WebGoat JWT voting login still issues an HMAC-signed JWT that can be validated by the /WebGoat/JWT/votings endpoint.,medium,10.10.0.13,,,,auto-bridged-from-hypothesis,no
WebGoat intentionally loads legacy vulnerable jQuery/jQuery-UI libraries that create client-side exploit surface when combined with lesson-controlled HTML and .html() rendering sinks.,medium,10.10.0.13,,,,auto-bridged-from-hypothesis,no
"The JWT lesson endpoint still accepts alg=none forged admin/Tom tokens supplied directly to the voting resource, independent of the login token issuance flow.",critical,10.10.0.13,,,,auto-bridged-from-hypothesis,no
"The public WebGoat Backbone source provides a reachable client-side DOM-XSS dataflow from lesson/reportcard HTTP responses into .html() sinks, but confirmation requires tracing controller/model sources rather than only the view sink.",critical,10.10.0.13,,,,auto-bridged-from-hypothesis,no
"The exact /WebGoat/JWT/jku/delete assignment endpoint performs server-side HTTP retrieval of the token header's jku value before returning a validation result, making it a constrained SSRF scanner for localhost/adjacent HTTP services.",high,10.10.0.13,,,,auto-bridged-from-hypothesis,no
"Authenticated client-discovered helper APIs `service/hint.mvc`, `service/lessoninfo.mvc/{lesson}`, and `service/reportcard.mvc` disclose structured lesson metadata and assignment paths useful for endpoint enumeration beyond the rendered UI.",medium,10.10.0.13,,,,auto-bridged-from-hypothesis,no
The newly pulled WebGoat RequireJS main/controller scripts contain AJAX endpoint construction logic that exposes lesson API paths or client-trusted completion behavior.,medium,10.10.0.13,,,,auto-bridged-from-hypothesis,no
"Static analysis of pulled WebGoat RequireJS modules will reveal concrete REST endpoint templates, HTTP methods, and client-side validation/security logic beyond the restart endpoint.",medium,10.10.0.13,,,,auto-bridged-from-hypothesis,no
"The HS512 JWT example used by the voting endpoint is signed with the weak hard-coded secret 'victory', allowing creation of a valid signed admin=true token without alg=none.",medium,10.10.0.13,,,,auto-bridged-from-hypothesis,no
"WebGoat publicly serves legacy vulnerable JavaScript libraries referenced by main.js (jQuery 2.1.4 and jQuery UI 1.10.4), and the app loads them into the lesson runtime, creating a client-side vulnerable component exposure.",medium,10.10.0.13,,,,auto-bridged-from-hypothesis,no
The shared file-upload surface can host attacker-controlled content but does not itself provide an SSRF pivot unless a URL-fetching parameter is accepted by the endpoint.,high,10.10.0.13,,,,auto-bridged-from-hypothesis,no
WebGoat health subcomponents still expose filesystem or subsystem topology that could support container/pivot discovery even when env values are masked.,medium,10.10.0.13,,,,auto-bridged-from-hypothesis,no
No confirmed lateral movement path currently exists from 10.10.0.13 because pivot-capable non-HTTP ports are closed and HTTP surfaces have not yielded a URL-fetching SSRF sink or valid credential.,high,10.10.0.13,,,,auto-bridged-from-hypothesis,no
"Although source/solution/lessonplan service constants exist, no client module actually calls them in this WebGoat build, explaining authenticated 404 JSON stack traces for those endpoints.",critical,10.10.0.13,,,,auto-bridged-from-hypothesis,no
"The unauthenticated WebWolf /files HTML discloses file upload form fields, action endpoints, and hosted file URL patterns that can guide upload/path traversal testing.",medium,10.10.0.13,,,,auto-bridged-from-hypothesis,no
"Static asset directories do not allow directory listing, but directory requests may reveal redirect/security-header behavior and URL-rewritten session IDs.",low,10.10.0.13,,,,auto-bridged-from-hypothesis,no
Tomcat/Spring path canonicalization does not allow unauthenticated access to protected resources through simple dot-segment or encoded-dot path variants.,critical,10.10.0.13,,,,auto-bridged-from-hypothesis,no
"Public WebWolf source maps have standard JSON content type and are retrievable via HEAD/GET without auth, confirming source disclosure is a reusable artifact for code agents.",critical,10.10.0.13,,,,auto-bridged-from-hypothesis,no
"WebDAV-style methods are not enabled on WebGoat/WebWolf, but PROPFIND may reveal whether methods are rejected at Tomcat or routed through Spring Security.",medium,10.10.0.13,,,,auto-bridged-from-hypothesis,no
"Sensitive Java webapp internals such as WEB-INF, META-INF, and application manifests are not directly retrievable under WebGoat/WebWolf contexts.",medium,10.10.0.13,,,,auto-bridged-from-hypothesis,no
Tomcat root/context OPTIONS and malformed methods expose method matrices but no new server components.,medium,10.10.0.13,,,,auto-bridged-from-hypothesis,no
"WebWolf arbitrary upload may also allow path traversal or filename manipulation to escape the per-user directory or overwrite special filenames, because public client JS performs no filename validation.",medium,10.10.0.13,,,,auto-bridged-from-hypothesis,no
"The pulled WebGoat actuator config/env artifacts contain embedded route names, OAuth/JWT configuration keys, or runtime paths that other agents can use for targeted exploitation, even though no decompilable binary/JAR has been exposed.",medium,10.10.0.13,,,,auto-bridged-from-hypothesis,no
The pulled WebGoat client artifacts identify reachable AJAX endpoints and client-side DOM sinks that can be mapped to live routes for exploit validation.,medium,10.10.0.13,,,,auto-bridged-from-hypothesis,no
The WebWolf authenticated file-management page statically exposes the real multipart upload route and permits arbitrary client-side file selection without type restrictions.,medium,10.10.0.13,,,,auto-bridged-from-hypothesis,no
The static WebWolf upload form is reachable with shared credentials and allows authenticated users to publish arbitrary HTML content at a predictable public URL.,medium,10.10.0.13,,,,auto-bridged-from-hypothesis,no
"WebGoat client code contains a reachable DOM HTML-injection test route, but it is client-side only and should be treated as a static sink unless a browser oracle confirms script execution.",medium,10.10.0.13,,,,auto-bridged-from-hypothesis,no
WebWolf's authenticated multipart file upload is CSRF-prone because WEBWOLFSESSION lacks SameSite and /WebWolf/fileupload accepts a state-changing multipart POST without an anti-CSRF token.,medium,10.10.0.13,,,,auto-bridged-from-hypothesis,no
"Authenticated WebGoat lesson endpoints disclose full Java stack traces on method errors, exposing framework internals and source stack locations.",critical,10.10.0.13,,,,auto-bridged-from-hypothesis,no
The JWT voting login endpoint issues HS512 tokens signed with weak secret 'victory'; captured cookie token can be locally verified and modified to admin=true then accepted by /JWT/votings.,medium,10.10.0.13,,,,auto-bridged-from-hypothesis,no
"Authenticated WebWolf users can upload arbitrary HTML/JavaScript that is served back as text/html from /WebWolf/files/<user>/<filename>, enabling stored XSS/content injection.",medium,10.10.0.13,,,,auto-bridged-from-hypothesis,no
"An authenticated WebWolf session can trigger a protected /requests route that discloses a full Java stack trace, leaking authenticated application internals and request-history implementation details.",medium,10.10.0.13,,,,auto-bridged-from-hypothesis,no
The lesson-specific JavaScript /WebGoat/lesson_js/path_traversal.js is downloadable and contains the exact client-side payload construction for PathTraversal upload and ZIP-slip assignments.,medium,10.10.0.13,,,,auto-bridged-from-hypothesis,no
"The client-side filtering lesson JavaScript discloses a concrete endpoint `/WebGoat/clientSideFiltering/salaries?userId=` that returns other users' SSNs and salaries to any authenticated low-privileged user, relying on client-side filtering for confidentiality.",medium,10.10.0.13,,,,auto-bridged-from-hypothesis,no
"Payload-suggested conventional GraphQL and OAuth token endpoints are absent or protected, but should be classified for service routing/header behavior.",medium,10.10.0.13,,,,auto-bridged-from-hypothesis,no
Security-relevant well-known Spring Boot/static resource endpoints such as /error and /favicon.ico may leak additional framework headers or icons not covered by Nmap metadata checks.,critical,10.10.0.13,,,,auto-bridged-from-hypothesis,no
WebWolf upload/listing surface exposes additional unauthenticated API-like routes adjacent to /files and /fileupload that can be fingerprinted without attempting uploads.,medium,10.10.0.13,,,,auto-bridged-from-hypothesis,no
"HEAD handling is inconsistent on dynamic and static endpoints, sometimes timing out after headers due missing Content-Length or improper HEAD body handling.",medium,10.10.0.13,,,,auto-bridged-from-hypothesis,no
"Case-variant context paths do not route to WebGoat/WebWolf apps and instead hit Tomcat 404, indicating Linux/Tomcat case-sensitive deployment.",medium,10.10.0.13,,,,auto-bridged-from-hypothesis,no
"CORS preflight for actual state-changing endpoints is denied similarly to static/actuator preflights, so login/register/upload are not cross-origin callable via browser preflighted requests.",medium,10.10.0.13,,,,auto-bridged-from-hypothesis,no
"Additional WebGoat source maps for frontend dependencies are not publicly served, unlike WebWolf webjar maps.",critical,10.10.0.13,,,,auto-bridged-from-hypothesis,no
The class: artifact upload filename handling is vulnerable to path traversal/unsafe canonicalisation because WebWolf accepts ../ multipart filenames and stores content outside the user's file directory under the public /WebWolf/files namespace.,medium,10.10.0.13,,,,auto-bridged-from-hypothesis,no
The WebGoat JWT KID endpoint resolves the kid value through a database lookup; a SQL-injection kid that UNION-selects a Base64-encoded attacker HMAC key allows a Tom token signed with the decoded key.,medium,10.10.0.13,,,,auto-bridged-from-hypothesis,no
"The JKU endpoint's arbitrary JWKS fetch can be chained with WebWolf file hosting: upload an attacker JWKS, sign an RS256 Tom token with the matching private key, and set jku to the hosted JWKS URL.",critical,10.10.0.13,,,,auto-bridged-from-hypothesis,no
Authenticated WebGoat lesson menu exposes SSRF/XXE/url-fetch lesson routes that can be tested as internal pivot candidates using the valid credential.,high,10.10.0.13,,,,auto-bridged-from-hypothesis,no
The authenticated SSRF lesson page discloses concrete server-side URL-fetch endpoints and parameter names that can be used to test internal HTTP pivoting on localhost/management routes.,high,10.10.0.13,,,,auto-bridged-from-hypothesis,no
WebGoat still leaks URL-rewritten JSESSIONID values and issues session cookies without Secure/SameSite flags during unauthenticated auth redirects.,medium,10.10.0.13,,,,auto-bridged-from-hypothesis,no
WebWolf still leaks WEBWOLFSESSION via URL-rewritten redirects and sets the session cookie without Secure/SameSite flags on protected auth paths.,medium,10.10.0.13,,,,auto-bridged-from-hypothesis,no
"WebGoat registration remains public, enabling creation of a low-privilege account for authenticated JWT and IDOR lesson testing.",medium,10.10.0.13,,,,auto-bridged-from-hypothesis,no
Default or newly registered WebGoat credentials can establish a session that reaches /WebGoat/JWT/votings for targeted JWT validation tests.,medium,10.10.0.13,,,,auto-bridged-from-hypothesis,no
"Authenticated jwt-voting.js reveals the exact client-side handling: access_token cookie is decoded and the reset POST sends no form fields, so the exploit depends solely on cookie/header claim semantics.",medium,10.10.0.13,,,,auto-bridged-from-hypothesis,no
The JWT voting lesson accepts the forged admin token when supplied as the access_token cookie and the reset form posts no token field.,medium,10.10.0.13,,,,auto-bridged-from-hypothesis,no
WebGoat main.js explicitly exposes route aliases and intentionally vulnerable legacy library paths that confirm public reachability of jQuery 2.1.4 and jQuery UI 1.10.3/1.10.4.,medium,10.10.0.13,,,,auto-bridged-from-hypothesis,no
"Changing the accepted attacker-signed JKU token's identity claims from Jerry to Tom will complete the JWT JKU delete lesson, proving end-to-end arbitrary key trust plus public WebWolf hosting.",medium,10.10.0.13,,,,auto-bridged-from-hypothesis,no
"The JKU SSRF oracle can resolve internal container/service hostnames such as webgoat, webwolf, host.docker.internal, or gateway addresses, revealing internal topology beyond IP 10.10.0.13.",high,10.10.0.13,,,,auto-bridged-from-hypothesis,no
Authenticated /WebGoat/service/hint.mvc exposes a complete assignment path inventory that may reveal untested SSRF/deserialization/path traversal/network-relevant endpoints for pivot discovery.,high,10.10.0.13,,,,auto-bridged-from-hypothesis,no
WebGoat login issues JSESSIONID without Secure or SameSite attributes,medium,OWASP WebGoat 2025.3 / Spring Security on Apache Tomcat 10.1.36,Set Secure and SameSite=Strict/Lax on JSESSIONID and serve the application only over HTTPS.,,5.4,"T1539, T1550.004",no
Unauthenticated Spring Boot Actuator Exposes Runtime and Data Source Metadata,medium,OWASP WebGoat 2025.3 / Spring Boot Actuator on Apache Tomcat:8080,Restrict actuator exposure to the minimum required endpoints and require authentication/authorization for all management routes.,,5.3,"T1082, T1590.004, T1552.002",no
"Client-side WebGoat renderer uses unsafe jQuery .html() for lesson content, feedback, and output",medium,OWASP WebGoat 2025.3 client renderer / Spring Boot on Apache Tomcat 10.1.36,Sanitize trusted lesson HTML with a strict allowlist and render all feedback/output with text encoding instead of .html().,,6.1,"T1189, T1059.007",no
Public WebGoat JavaScript exposes deprecated vulnerable jQuery and jQuery UI aliases,medium,OWASP WebGoat static JavaScript / RequireJS / jQuery 2.1.4 / jQuery UI 1.10.4,Remove vulnerable library aliases and upgrade all client dependencies to current patched jQuery/jQuery UI versions.,,6.1,"CVE-2015-9251, CVE-2019-11358, CVE-2021-41182",no
Constrained Server-Side Request Forgery in WebGoat SSRF Lesson Performs Outbound HTTP Fetch,medium,OWASP WebGoat 2025.3 SSRF Lesson / Spring Boot on Apache Tomcat:8080,"Disable the vulnerable lesson in production; otherwise enforce scheme/host allow-lists and block loopback, private, and link-local destinations before server-side fetches.",,5.0,"T1090, T1190",no
WebGoat auth redirect leaks JSESSIONID in URL via Tomcat URL rewriting,medium,OWASP WebGoat 2025.3 / Spring Security on Apache Tomcat 10.1.36,Disable URL session tracking and use cookie-only sessions with Secure/SameSite attributes over HTTPS.,,5.4,"T1539, T1550.004",no
WebGoat registration handler hangs on unauthenticated valid-looking submissions,medium,OWASP WebGoat 2025.3 registration workflow / Spring Boot on Apache Tomcat 10.1.36,Add rate limiting and fail-fast validation/timeouts to the unauthenticated registration handler.,,5.3,T1499,no
Weak hard-coded JWT HMAC secret allows forging WebGoat JWT voting access_token,medium,OWASP WebGoat 2025.3 JWT Lesson API on Apache Tomcat 10.1.36,Replace the hard-coded `victory` JWT secret with a rotated high-entropy secret and validate authorization server-side.,,6.5,"T1550.001, T1606",no
Weak HS512 JWT Secret Allows Forged Admin access_token Cookie in WebGoat JWT Voting Lesson,medium,OWASP WebGoat 2025.3 JWT Votes Endpoint / Spring Boot on Apache Tomcat 10.1.36,"Remove hard-coded JWT secrets, rotate to a high-entropy secret/keypair, enforce allowed algorithms, derive admin authorization server-side, and harden access_token cookies with HttpOnly/Secure/SameSite.",,6.5,"T1550.001, T1606",no
Weak HS512 JWT signing secret permits forged admin token in WebGoat JWT voting lesson,medium,OWASP WebGoat 2025.3 JWT voting lesson / Spring Boot on Apache Tomcat 10.1.36,"Replace the hard-coded JWT secret with a high-entropy secret or asymmetric key pair, rotate existing tokens, and validate authorization server-side rather than trusting client-editable claims.",,6.5,"T1550.001, T1606",no
WebGoat JWT voting access_token uses weak HS512 secret allowing admin claim forgery,high,OWASP WebGoat 2025.3 JWTVotesEndpoint / Spring Boot on Apache Tomcat 10.1.36,"Use a high-entropy rotated signing key, enforce fixed algorithms, and validate admin as a server-side authorization state rather than trusting client-controlled JWT claims.",,8.1,"T1552.002, T1550.001, T1606",no
WebGoat JWT voting endpoint accepts unsigned alg=none admin token,high,OWASP WebGoat 2025.3 JWTVotesEndpoint / Spring Boot on Apache Tomcat 10.1.36,"Reject alg=none/unsigned JWTs, pin the expected algorithm, and verify all authorization tokens with a server-held key before trusting claims.",,8.1,"T1550.001, T1606",no
Authenticated WebWolf Arbitrary File Staging with Public HTTP Retrieval,medium,OWASP WebWolf / Spring Security on Apache Tomcat 10.1.36,Require per-object authorization and content validation for WebWolf uploads; do not expose uploaded files under predictable public paths.,,6.5,"T1105, T1567.002",no
Unauthenticated Spring Boot Actuator Metadata Exposure Still Present,medium,OWASP WebGoat 2025.3 / Spring Boot Actuator on Apache Tomcat 10.1.36,Restrict actuator endpoints to authenticated administrators and expose only the minimum required endpoints.,,5.3,"T1082, T1590.004, T1552.002",no
Weak HS512 JWT HMAC secret allows forged admin access_token in WebGoat JWT voting lesson,medium,OWASP WebGoat 2025.3 JWTVotesEndpoint / Spring Boot on Apache Tomcat 10.1.36,"Replace the hard-coded JWT HMAC secret with a high-entropy server-side secret, rotate existing tokens, and avoid trusting client-controlled admin claims without server-side authorization checks.",,6.5,"T1550.001, T1606",no
WebGoat JWT Voting accepts HS512 tokens forged with weak HMAC secret 'victory',medium,OWASP WebGoat 2025.3 JWT Lesson API on Apache Tomcat 10.1.36,"Use a randomly generated 512-bit HMAC key stored in a secret manager, rotate existing tokens, and enforce boolean claim typing/issuer/audience/expiry validation.",,6.5,"T1550.001, T1606",no
CSRF on public WebGoat registration permits attacker-controlled account creation,medium,OWASP WebGoat 2025.3 registration / Spring Security on Apache Tomcat 10.1.36,Enable Spring Security CSRF protection for registration and require a valid CSRF token on all state-changing form submissions.,,6.5,"T1185, T1136",no
JWT alg=none bypass accepted by WebGoat JWT voting endpoint,medium,OWASP WebGoat 2025.3 JWTVotesEndpoint / Spring Boot on Apache Tomcat 10.1.36,Reject alg=none and enforce a fixed server-side signing algorithm/key before evaluating authorization claims.,,6.5,"T1550.001, T1606",no
JWT KID Header Processing Leaks Full Stack Traces and File-Key Handling Errors,medium,OWASP WebGoat 2025.3 JWT KID Endpoint / Spring Boot on Apache Tomcat 10.1.36,"Allow-list JWT key IDs, never resolve `kid` from untrusted paths, return generic JWT errors, and disable stack traces in HTTP error responses.",,5.3,"T1082, T1552.002",no
WebGoat JWT Voting accepts unsigned alg=none admin tokens,medium,OWASP WebGoat 2025.3 JWT Lesson API on Apache Tomcat 10.1.36,Disable alg=none/unsigned JWT parsing and enforce an allow-list of signed algorithms with verified keys before consuming claims.,,6.5,"T1550.001, T1606",no
WebWolf uploaded files are world-readable and cross-account accessible by predictable URL,medium,OWASP WebWolf 2025.3 file hosting / Spring Security on Apache Tomcat 10.1.36,"Enforce authentication and object ownership checks on /WebWolf/files/{username}/{filename}, or issue unguessable per-file access tokens if public hosting is intended.",,6.5,"T1530, T1083, T1539",no
Direct phone-home endpoint call bypasses DOM-XSS lesson workflow,low,OWASP WebGoat 2025.3 CrossSiteScripting lesson on Apache Tomcat 10.1.36,"Require per-session, server-generated proof for lesson completion instead of fixed public AJAX parameters.",,3.7,T1190,no
JWT alg=none accepted for voting authorization,high,OWASP WebGoat 2025.3 JWT Lesson API on Apache Tomcat 10.1.36,Pin JWT verification algorithms and reject unsigned `alg=none` tokens before claim processing.,,8.1,"T1550.001, T1606",no
JWT kid header traversal reaches key resolver and exposes verbose stack trace,medium,OWASP WebGoat 2025.3 JWTHeaderKIDEndpoint / Spring Boot on Apache Tomcat 10.1.36,Resolve kid only through a strict server-side allowlist and disable verbose stack traces in HTTP error responses.,,5.3,"T1082, T1190",no
Unauthenticated Spring Boot Actuator Exposes WebGoat Runtime Topology Metadata,medium,OWASP WebGoat 2025.3 / Spring Boot Actuator on Apache Tomcat 10.1.36,Restrict actuator exposure to the minimum required endpoints and require authenticated administrative access for all management endpoints.,,5.3,"T1082, T1590.004, T1552.002",no
Cleartext HTTP Exposes WebGoat and WebWolf Authentication Surfaces,medium,OWASP WebGoat/WebWolf on Apache Tomcat:8080,"Enable TLS, redirect HTTP to HTTPS, and mark authentication cookies Secure and SameSite.",,5.3,"T1557, T1040, T1539",no
WebGoat JWT JKU trusts attacker-controlled WebWolf JWKS URL,critical,OWASP WebGoat 2025.3 JWT JKU Lesson API + WebWolf file hosting on Apache Tomcat 10.1.36,Pin/allowlist JWKS sources and never fetch verification keys from attacker-controlled JWT header URLs.,,9.1,"T1550.001, T1606, T1105",no
WebGoat Loads Known-Vulnerable jQuery 2.1.4 and jQuery UI 1.10.3 Libraries,medium,OWASP WebGoat 2025.3 client UI / RequireJS on Apache Tomcat 10.1.36,"Upgrade jQuery to >=3.5.0 (prefer latest 3.7.x), jQuery UI to >=1.13.0, remove legacy vulnerable aliases, and sanitize all HTML sink inputs.",,6.1,"CVE-2019-11358, CVE-2020-11022, CVE-2020-11023",no
WebWolf file upload serves arbitrary active HTML content,medium,OWASP WebWolf 2025.3 file upload on Apache Tomcat 10.1.36,"Serve user uploads as downloads or from a sandboxed, non-trusted origin with strict MIME and CSP controls.",,5.4,"T1105, T1189",no
JWT voting tokens signed with weak hard-coded HS512 secret `victory`,medium,OWASP WebGoat 2025.3 JWT voting lesson / Spring Boot on Apache Tomcat 10.1.36,"Replace the hard-coded JWT HMAC secret with a high-entropy secret from a secret manager, rotate tokens, and enforce least-privilege claim validation server-side.",,6.5,"T1552.001, T1550.003",no
JWT `kid` header key-path injection reaches server-side signing-key resolver,medium,OWASP WebGoat 2025.3 JWT kid lesson / Spring Boot on Apache Tomcat 10.1.36,"Treat `kid` as an opaque identifier, resolve it only from a server-side allowlist/keystore, reject path characters, and suppress verbose exception traces.",,6.5,"T1552.001, T1190",no
Reachable DOM XSS in WebGoat Backbone #test/:param Route,medium,OWASP WebGoat 2025.3 client UI / Backbone on Apache Tomcat 10.1.36,Remove the debug #test route from production and replace .html() with .text() or sanitized rendering for any untrusted route parameter.,,6.1,"T1189, T1059.007",no
Unauthenticated Chromium Renderer Enables Browser-Based Internal Network Pivot,high,Headless Chromium Renderer REST API:3301,"Require authentication on the renderer API, enforce an allowlist of renderable hosts, block private/link-local/loopback ranges by default, and isolate browser egress.",,8.6,"T1090, T1190, T1590.004",no
Unauthenticated Spring Boot Actuator Discovery Index Exposure,medium,OWASP WebGoat 2025.3 / Spring Boot Actuator on Apache Tomcat 10.1.36,Restrict Actuator endpoints to authenticated administrators or a private management interface and expose only health/info publicly.,,5.3,"T1590.004, T1082",no
Unauthenticated Actuator Health Leaks Database Engine and Filesystem Path,medium,OWASP WebGoat 2025.3 / Spring Boot Actuator health on Apache Tomcat 10.1.36,Set health details to when_authorized/never and require authentication for detailed health components.,,5.3,"T1082, T1590.004",no
Unauthenticated Actuator Env Exposes Runtime and Configuration Keyspace,medium,OWASP WebGoat 2025.3 / Spring Boot Actuator env on Apache Tomcat 10.1.36,Disable /actuator/env or require administrator authentication and sanitize sensitive property names/values.,,5.3,"T1082, T1552.002",no
Unauthenticated Actuator ConfigProps Exposes Binding Metadata,medium,OWASP WebGoat 2025.3 / Spring Boot Actuator configprops on Apache Tomcat 10.1.36,Disable configprops exposure in production or restrict it to authenticated administrative users.,,5.3,"T1082, T1590.004",no
JWT Voting Lesson Uses Weak Hard-Coded HS512 Secret,high,OWASP WebGoat 2025.3 JWT voting lesson on Apache Tomcat 10.1.36,"Use high-entropy server-managed signing keys, rotate compromised secrets, and never rely on client-supplied admin claims for authorization.",,8.1,"T1552.001, T1606, T1550.001",no
Missing Function-Level Access Control on Hidden Menu Completion Endpoint,medium,OWASP WebGoat 2025.3 Missing Function Access Control lesson on Apache Tomcat 10.1.36,"Enforce server-side authorization and lesson-state checks on hidden endpoints, not only UI visibility.",,6.5,"T1190, T1078.003",no
Authenticated WebGoat Lesson Endpoint Discloses Full Java Stack Traces,medium,OWASP WebGoat 2025.3 / Spring Boot error handling on Apache Tomcat 10.1.36,Disable stack trace exposure and return sanitized error responses for all application exceptions.,,5.3,T1082,no
WebGoat Session Cookie Issued Over HTTP Without Secure or SameSite,medium,OWASP WebGoat 2025.3 / Spring Security session management on Apache Tomcat 10.1.36,"Serve WebGoat only over HTTPS and set Secure, HttpOnly and SameSite=Lax/Strict on session cookies.",,6.1,"T1539, T1550.004",no
WebWolf Session Cookie Issued Over HTTP Without Secure or SameSite,medium,OWASP WebWolf 2025.3 / Spring Security session management on Apache Tomcat 10.1.36,Enable HTTPS and configure Secure plus SameSite=Lax/Strict on WEBWOLFSESSION cookies.,,6.1,"T1539, T1550.004",no
Tomcat URL Rewriting Leaks JSESSIONID in Redirect Location,medium,OWASP WebGoat 2025.3 / Apache Tomcat 10.1.36 session URL rewriting:8080,Disable URL-based session tracking and strip/reject ;jsessionid path parameters.,,5.4,"T1539, T1550.004",no
Tomcat Default Error Page Discloses Server Version,low,Apache Tomcat 10.1.36 hosting OWASP WebGoat/WebWolf:8080,Disable Tomcat server-info in error pages and serve generic application errors.,,3.7,"T1082, T1590.002",no
Public Registration Form Has No CSRF Token and Allows Cross-Site Account Creation,medium,OWASP WebGoat 2025.3 registration flow on Apache Tomcat 10.1.36,Require CSRF tokens and Origin/Referer validation on registration and all state-changing unauthenticated routes.,,6.5,"T1185, T1136",no
Public WebGoat JavaScript Exposes Internal Service Routes and Unsafe DOM Sink Patterns,low,OWASP WebGoat 2025.3 client-side Backbone/RequireJS assets:8080,Remove unnecessary source disclosures in production and replace .html() rendering of server/user-controlled content with safe text rendering or sanitization.,,3.9,"T1592.002, T1189",no
Obsolete jQuery and jQuery UI Libraries Served Publicly,low,OWASP WebGoat 2025.3 public JavaScript libraries: jQuery 2.1.4 and jQuery UI 1.10.3,Upgrade jQuery and jQuery UI to currently supported versions and retest client-side code for compatibility.,,4.3,CVE-2015-9251,no
Chromium Renderer Arbitrary file:// Local File Read,high,Headless Chromium Renderer REST API:3301,"Block file:// and all non-http(s) schemes in the renderer API, run Chromium in a restricted sandbox/profile, and require authenticated/authorized render requests.",,7.5,"T1005, T1083, T1190",no
Unauthenticated Multi-Step Chromium Session API Enables Browser Pivot and Same-Origin JavaScript Execution,critical,GENESIS Headless Chromium Renderer REST API:3301,"Require authentication and authorization for all renderer session endpoints, disable eval_js by default, restrict destinations with a strict allowlist, and isolate renderer egress from internal networks.",,9.1,"T1090, T1059.007, T1185",no
WebGoat authenticated session cookie lacks Secure and SameSite attributes on cleartext HTTP,medium,OWASP WebGoat 2025.3 / Spring Security on Apache Tomcat 10.1.36,Enable HTTPS and configure Secure plus SameSite=Strict/Lax for JSESSIONID.,,5.4,"T1539, T1550.004",no
WebGoat session cookies lack Secure and SameSite attributes on cleartext HTTP auth flows,medium,OWASP WebGoat 2025.3 / Spring Security on Apache Tomcat 10.1.36,Serve WebGoat only over HTTPS and set Secure plus SameSite=Lax/Strict on JSESSIONID.,,6.5,"T1539, T1550.004",no
JWT voting lesson accepts forged admin tokens signed with weak HS512 secret,high,OWASP WebGoat 2025.3 JWT Voting Lesson / Spring Boot on Apache Tomcat 10.1.36,Replace the hard-coded JWT HMAC key with a high-entropy server-side secret and do not trust client-supplied admin claims.,,8.1,"T1550.003, T1606",no
JWT voting endpoint accepts unsigned alg=none admin tokens,high,OWASP WebGoat 2025.3 JWT Voting Lesson / Spring Boot on Apache Tomcat 10.1.36,Configure the JWT library to require a fixed signed algorithm and reject alg=none tokens before claim evaluation.,,8.1,"T1550.003, T1606",no
"JWT voting access_token cookie lacks HttpOnly, Secure, and SameSite",medium,OWASP WebGoat 2025.3 JWT Voting Lesson / Spring Boot on Apache Tomcat 10.1.36,"Set HttpOnly, Secure and SameSite on the access_token cookie and avoid storing bearer tokens in JavaScript-readable cookies.",,6.5,"T1539, T1550.004",no
WebWolf session cookie lacks Secure and SameSite attributes,medium,OWASP WebWolf 2025.3 / Spring Security on Apache Tomcat 10.1.36,Serve WebWolf only over HTTPS and set Secure plus SameSite=Lax/Strict on WEBWOLFSESSION.,,6.1,"T1539, T1550.004",no
Unauthenticated WebGoat Spring Boot Actuator Exposes Topology and Runtime Metadata,medium,OWASP WebGoat 2025.3 / Spring Boot Actuator on Apache Tomcat:8080,"Restrict actuator exposure to minimal endpoints, require authentication for management endpoints, and disable env/configprops in production.",,6.5,"T1082, T1590.004, T1552.002",no
CSRF on Public Registration Creates Attacker-Chosen WebGoat Accounts,medium,OWASP WebGoat 2025.3 / Spring Boot on Apache Tomcat 10.1.36,Enable Spring Security CSRF protection for registration and require a server-generated CSRF token on all state-changing POST routes.,,6.5,"T1189, T1136",no
WebGoat JWT Voting Endpoint Accepts HS512 Admin Tokens Forged with Hard-Coded Secret,medium,OWASP WebGoat 2025.3 JWTVotesEndpoint / Spring Boot on Apache Tomcat 10.1.36,"Replace the hard-coded JWT secret with a high-entropy managed secret, rotate existing tokens, and derive authorization from server-side roles rather than client JWT claims.",,6.5,"T1550.001, T1606",no
WebGoat JWT Voting Endpoint Accepts Forged HS512 Admin Token Signed With Hard-Coded Secret,medium,OWASP WebGoat 2025.3 JWTVotesEndpoint / Spring Boot on Apache Tomcat 10.1.36,"Remove the hard-coded JWT secret, use a high-entropy externally managed key, enforce boolean admin claims, rotate existing tokens, and set secure cookie attributes.",,6.5,"T1550.001, T1606",no
CSRF-Less WebGoat Registration Allows Cross-Site Account Creation,medium,OWASP WebGoat 2025.3 Registration / Spring Security on Apache Tomcat 10.1.36,Enable Spring Security CSRF protection for registration and validate Origin/Referer on state-changing unauthenticated routes.,,5.3,"T1185, T1136",no
Weak Hard-Coded JWT HS512 Secret Enables Forged Admin Voting Token,high,OWASP WebGoat 2025.3 JWT Voting Lesson / Spring Boot on Apache Tomcat 10.1.36,"Replace the hard-coded JWT secret with a high-entropy server-side secret from protected configuration, rotate existing tokens, and enforce reset/admin authorization from server-side session state rather than client-controlled claims.",,8.1,"T1552.001, T1550.001, T1606",no
WebGoat JWT Voting Endpoint Accepts Unsigned alg=none Admin Token,medium,OWASP WebGoat 2025.3 JWTVotesEndpoint / Spring Boot on Apache Tomcat 10.1.36,"Disable `alg=none`, enforce an allow-list of signed algorithms, and verify all JWTs with a strong server-side key before trusting claims.",,6.5,"T1550.001, T1606",no
Hardcoded Weak JWT HMAC Secret Allows Admin Token Forgery in WebGoat JWT Voting Lesson,high,OWASP WebGoat 2025.3 JWTVotesEndpoint / Spring Boot on Apache Tomcat 10.1.36,"Remove the hardcoded JWT secret, use a high-entropy environment-managed signing key, rotate existing tokens, use exact user matching, and set HttpOnly/Secure/SameSite attributes on JWT cookies.",,8.1,"T1552.001, T1550.001, T1606",no
JWT alg=none Accepted for Voting Authorization,high,OWASP WebGoat 2025.3 JWT Voting Lesson / Spring Boot on Apache Tomcat 10.1.36,"Disable `alg:none` support, enforce a strict JWT algorithm allow-list, require valid signatures for all authorization tokens, and avoid trusting client-controlled role/admin claims.",,8.1,"T1550.001, T1606",no
Authenticated JWT JKU Header SSRF via Server-Side JWKS Fetch,medium,OWASP WebGoat 2025.3 JWT Header JKU Endpoint / Spring Boot on Apache Tomcat 10.1.36,Remove dynamic JKU fetching or restrict it to a strict allow-list of trusted HTTPS JWKS origins; block loopback/internal ranges and suppress raw network exceptions in responses.,,6.5,"T1190, T1590.002",no
WebWolf Authenticated Session Cookie Lacks Secure and SameSite Flags,medium,OWASP WebWolf 2025.3 / Spring Security on Apache Tomcat 10.1.36,"Serve WebWolf only over HTTPS and configure session cookies with Secure, HttpOnly, and SameSite=Lax/Strict.",,5.4,"T1539, T1550.004",no
WebGoat JWT voting endpoint accepts HS512 admin token signed with weak hard-coded secret,medium,OWASP WebGoat 2025.3 JWT voting lesson / Spring Boot on Apache Tomcat 10.1.36,"Do not trust client-controlled admin claims; rotate the signing key, remove the hard-coded secret, and enforce server-side authorization on /WebGoat/JWT/votings.",,6.5,"T1550.001, T1606",no
WebGoat JWT voting endpoint accepts unsigned alg=none admin token,medium,OWASP WebGoat 2025.3 JWT voting lesson / Spring Boot on Apache Tomcat 10.1.36,Disable alg=none and bind verification to a single expected signed algorithm before processing claims.,,6.5,"T1550.001, T1606",no
WebGoat JWT Voting Lesson Accepts HS512 Tokens Forged with Hard-Coded Secret,high,OWASP WebGoat 2025.3 JWT Voting Lesson on Apache Tomcat 10.1.36,Replace the hard-coded JWT signing secret with a high-entropy rotated key and do not trust client-controlled `admin` claims for authorization.,,8.1,"T1550.001, T1606",no
Weak hard-coded HS512 JWT signing secret allows admin token forgery,medium,OWASP WebGoat 2025.3 JWTVotesEndpoint / Spring Boot on Apache Tomcat 10.1.36,Replace the hard-coded HMAC secret with a high-entropy server-side secret/key management solution and reject tokens with modified privilege claims.,,6.5,"T1550.001, T1606",no
JWT alg=none accepted for admin authorization bypass,medium,OWASP WebGoat 2025.3 JWTVotesEndpoint / Spring Boot on Apache Tomcat 10.1.36,Disable unsigned JWT parsing and enforce signature verification with a fixed algorithm allow-list for all authorization decisions.,,6.5,"T1550.001, T1606",no
WebGoat JWT Voting Lesson Hard-Coded HS512 Secret Enables Forged Admin Tokens,medium,OWASP WebGoat 2025.3 JWTVotesEndpoint / Spring Boot on Apache Tomcat 10.1.36,"Remove the hard-coded JWT secret, rotate keys to a high-entropy secret stored outside source control, and enforce admin authorization server-side rather than trusting client claims.",,6.5,"T1552.001, T1606",no
JWT authorization accepts non-expiring and stale tokens,low,OWASP WebGoat 2025.3 JWTVotesEndpoint / Spring Boot on Apache Tomcat 10.1.36,"Require exp/nbf/iat claims, enforce short token lifetimes, and rotate/revoke tokens after privilege changes.",,3.7,T1550.001,no
JWT algorithm downgrade accepts HS256/HS384 tokens despite issuing HS512,medium,OWASP WebGoat 2025.3 JWTVotesEndpoint / Spring Boot on Apache Tomcat 10.1.36,Pin the expected JWT signing algorithm (HS512 or preferably RS256/ES256 with key rotation) and reject all other alg header values.,,5.4,"T1550.001, T1606",no
WebGoat JWT Voting Lesson Accepts Unsigned alg=none Admin Tokens,high,OWASP WebGoat 2025.3 JWT Voting Lesson on Apache Tomcat 10.1.36,"Disable `alg=none`, use an explicit JWT algorithm allowlist, and reject unsigned or missing-signature tokens.",,8.1,"T1550.001, T1606",no
Pre-planted forged JWT access_token accepted without server issuance or session binding,medium,OWASP WebGoat 2025.3 JWTVotesEndpoint / Spring Boot on Apache Tomcat 10.1.36,Bind JWTs to the authenticated session using jti/audience/subject checks or avoid mixing stateless JWT cookies with server sessions for authorization.,,5.4,"T1539, T1550.004, T1550.001",no
WebGoat DOM XSS Phone-Home Callback Can Be Forged Directly,medium,OWASP WebGoat 2025.3 DOMCrossSiteScripting lesson on Apache Tomcat 10.1.36,Bind the XSS phone-home callback to a per-session nonce/CSRF token and reject static direct POST completion attempts.,,5.4,T1190,no
Constrained Authenticated SSRF Lesson Fetches External Content but Does Not Provide Internal Pivot,low,OWASP WebGoat 2025.3 SSRF lesson on Apache Tomcat 10.1.36,"Avoid server-side fetching of user-controlled URLs or enforce strict allowlists, scheme restrictions, DNS/IP validation, and do not return raw upstream responses.",,3.5,T1190,no
WebGoat registration accepts CSRF-less account creation requests,low,OWASP WebGoat 2025.3 registration flow / Spring Boot on Apache Tomcat 10.1.36,Require and validate an anti-CSRF token for /WebGoat/register.mvc and set SameSite=Lax/Strict on session cookies.,,4.3,"T1136, T1190",no
WebGoat JSESSIONID lacks Secure and SameSite attributes over plaintext HTTP,medium,OWASP WebGoat 2025.3 / Spring Security on Apache Tomcat 10.1.36,Serve WebGoat only over HTTPS and set Secure plus SameSite=Lax or Strict on JSESSIONID.,,5.4,"T1539, T1550.004",no
WebWolf WEBWOLFSESSION lacks Secure and SameSite attributes over plaintext HTTP,medium,OWASP WebWolf / Spring Security on Apache Tomcat 10.1.36,Serve WebWolf only over HTTPS and set Secure plus SameSite=Lax or Strict on WEBWOLFSESSION.,,5.4,"T1539, T1550.004",no
WebGoat and WebWolf logout endpoints are CSRF-able GET requests,low,OWASP WebGoat 2025.3 and WebWolf / Spring Security on Apache Tomcat 10.1.36,Make logout POST-only and require a valid CSRF token; avoid state-changing GET routes.,,3.5,T1539,no
WebGoat DOM XSS Lesson Oracle Endpoint Throws Verbose Stack Trace When Required Header Is Missing,medium,OWASP WebGoat 2025.3 DOMCrossSiteScripting / Spring Boot on Apache Tomcat 10.1.36,Use constant-first string comparison or explicit null checks for request headers and disable detailed stack traces in production error responses.,,5.3,T1082,no
Unauthenticated Spring Boot Actuator Discovery Index Exposure,medium,OWASP WebGoat 2025.3 / Spring Boot Actuator on Apache Tomcat 10.1.36,Restrict actuator endpoints to authenticated administrators or an internal management network and expose only minimal health information.,,5.3,"T1590.004, T1082",no
Unauthenticated Spring Boot Actuator Health Leaks Database and Filesystem Metadata,medium,OWASP WebGoat 2025.3 / Spring Boot Actuator Health on Apache Tomcat 10.1.36,Disable detailed health output for unauthenticated users and protect actuator endpoints with Spring Security.,,5.3,"T1082, T1590.004",no
Unauthenticated Spring Boot Actuator Env Exposes Runtime Configuration Keyspace,medium,OWASP WebGoat 2025.3 / Spring Boot Actuator Env on Apache Tomcat 10.1.36,Disable the env actuator endpoint in production or require authenticated administrative access.,,5.3,"T1082, T1552.002",no
Unauthenticated Spring Boot Actuator ConfigProps Exposes Application Binding Metadata,medium,OWASP WebGoat 2025.3 / Spring Boot Actuator ConfigProps on Apache Tomcat 10.1.36,Disable configprops in production or restrict it to authenticated administrators on a private management interface.,,5.3,"T1082, T1590.004",no
Hardcoded JWT HS512 secret permits forged admin token,medium,OWASP WebGoat 2025.3 JWTVotesEndpoint / Spring Boot on Apache Tomcat:8080,"Move JWT signing keys to a high-entropy secret store, rotate the exposed key, and validate JWTs with a modern parser configured for a fixed algorithm/key.",,6.5,"T1552.002, T1550.001, T1606",no
"JWT access_token cookie lacks Secure, HttpOnly, and SameSite attributes",low,OWASP WebGoat 2025.3 JWTVotesEndpoint / Spring Boot on Apache Tomcat:8080,"Set HttpOnly, Secure, and SameSite attributes on JWT cookies and serve the application only over HTTPS.",,3.7,"T1539, T1550.004",no
WebGoat JWT Voting accepts forged HS512 admin token signed with hard-coded secret 'victory',medium,OWASP WebGoat 2025.3 JWT Voting Lesson / Spring Boot on Apache Tomcat:8080,"Remove hard-coded JWT signing secrets, rotate the signing key, use a strong secret from a secret manager, and validate admin authorization server-side rather than trusting mutable JWT claims.",,6.5,"T1550.001, T1606",no
Unauthenticated Spring Boot Actuator Metadata Exposure,medium,OWASP WebGoat 2025.3 / Spring Boot Actuator on Apache Tomcat:8080,Restrict Actuator exposure to required endpoints only and require authentication/network allowlisting for management endpoints.,,5.3,"T1082, T1590.004, T1552.002",no
WebWolf Public Stored HTML/JavaScript Upload,medium,OWASP WebWolf / Spring Security on Apache Tomcat:9090,"Serve user uploads as attachments with non-executable content types, reject active content extensions, and require authorization checks for file retrieval.",,6.1,"T1190, T1189",no
JWT Voting Token Signed with Hard-Coded HS512 Secret,medium,OWASP WebGoat 2025.3 JWT Voting Lesson / Apache Tomcat:8080,"Remove hard-coded JWT secrets, rotate signing keys, use strong externally managed key material, and strictly validate authorization claims.",,6.5,"T1550.001, T1606",no
JWT Voting Lesson Accepts Unsigned alg=none Admin Token,medium,OWASP WebGoat 2025.3 JWT Voting Lesson / Spring Boot on Apache Tomcat 10.1.36,"Require signed JWTs with an allow-listed algorithm, reject alg=none, and validate issuer/audience/expiry/roles server-side.",,6.5,"T1550.001, T1606",no
JWT Voting Lesson Uses Weak Hard-Coded HS512 Secret,medium,OWASP WebGoat 2025.3 JWT Voting Lesson / Spring Boot on Apache Tomcat 10.1.36,"Remove hard-coded JWT secrets, rotate the signing key, use at least 512 bits of random key material for HS512, and validate claims server-side.",,6.5,"T1550.003, T1606",no
WebGoat JWT Voting Endpoint Accepts Unsigned alg=none Tokens,medium,OWASP WebGoat 2025.3 JWT Lesson API / Spring Boot on Apache Tomcat 10.1.36,"Disable alg=none support, pin the expected JWT algorithm server-side, and reject any token whose header algorithm does not exactly match the configured verifier.",,6.5,"T1550.001, T1606",no
WebGoat JWT Voting Endpoint Uses Weak Hard-Coded HS512 Secret victory,medium,OWASP WebGoat 2025.3 JWT Lesson API / Spring Boot on Apache Tomcat 10.1.36,"Replace hard-coded JWT secrets with randomly generated 512-bit keys from a secret manager, rotate existing tokens, and enforce key-strength validation.",,6.5,"T1552.001, T1550.003, T1606",no
Missing Function-Level Access Control on Hidden Menu Endpoint,medium,OWASP WebGoat 2025.3 Missing Function Access Control Lesson / Spring Boot on Apache Tomcat 10.1.36,Enforce server-side authorization/state checks for hidden functions; do not rely on menu visibility or client-side navigation as an access control.,,5.4,"T1190, T1078.003",no
WebGoat Auth Session Cookie Missing Secure and SameSite Attributes,medium,OWASP WebGoat 2025.3 / Spring Security on Apache Tomcat 10.1.36,Serve authentication only over HTTPS and set Secure plus SameSite=Lax/Strict on JSESSIONID cookies.,,5.3,"T1539, T1550.004",no
Tomcat URL-Rewritten Redirect Leaks JSESSIONID,medium,OWASP WebGoat 2025.3 / Apache Tomcat 10.1.36,Disable URL-based session tracking and require cookie-only sessions over HTTPS.,,5.3,"T1539, T1550.004",no
JWT alg=none Accepted for WebGoat Voting Authorization,high,OWASP WebGoat 2025.3 JWT Voting Lesson / Apache Tomcat:8080,"Disable alg=none, enforce a fixed signed JWT algorithm, and validate all authorization claims server-side.",,8.1,"T1550.001, T1606",no
Authenticated WebGoat SSRF Task Fetches External URLs Server-Side,medium,OWASP WebGoat 2025.3 SSRF Lesson / Apache Tomcat:8080,"Avoid fetching arbitrary user-supplied URLs; enforce strict scheme/host allowlists, block private/loopback ranges after DNS resolution, disable redirects, and restrict egress.",,6.5,T1190,no
Unauthenticated Spring Boot Actuator Discovery Index Exposes Management Endpoints,medium,OWASP WebGoat 2025.3 / Spring Boot Actuator on Apache Tomcat 10.1.36,Restrict actuator endpoints to authenticated administrators and expose only required endpoints.,,6.5,"T1590.004, T1082",no
Unauthenticated Spring Boot Actuator Env Exposes Runtime Property Keyspace,medium,OWASP WebGoat 2025.3 / Spring Boot Actuator on Apache Tomcat 10.1.36,Disable /actuator/env in production or require administrator authentication for all actuator endpoints.,,6.5,"T1082, T1552.002",no
Unauthenticated Spring Boot Actuator ConfigProps Exposes Application Binding Metadata,medium,OWASP WebGoat 2025.3 / Spring Boot Actuator on Apache Tomcat 10.1.36,Disable configprops exposure or enforce administrator-only access to actuator endpoints.,,6.5,"T1082, T1590.004",no
Unauthenticated Spring Boot Actuator Health Leaks Database Engine and Filesystem Path,medium,OWASP WebGoat 2025.3 / Spring Boot Actuator on Apache Tomcat 10.1.36,Set health details to never/when-authorized and restrict actuator health details to administrators.,,6.1,"T1082, T1590.004",no
JWT Voting Endpoint Accepts alg=none Forged Admin Token,high,OWASP WebGoat 2025.3 JWT Lesson API on Apache Tomcat 10.1.36,"Reject unsigned JWTs, pin the expected algorithm server-side, and validate signatures before trusting claims.",,8.1,"T1550.001, T1606",no
JWT Voting Endpoint Uses Weak Hard-Coded HS512 Secret 'victory',high,OWASP WebGoat 2025.3 JWT Lesson API on Apache Tomcat 10.1.36,Replace the hard-coded secret with a high-entropy secret managed outside source code and rotate existing JWT signing keys.,,8.1,"T1550.001, T1606",no
Missing Function-Level Access Control on Hidden Menu Completion Endpoint,medium,OWASP WebGoat 2025.3 Missing Function Access Control Lesson / Spring Boot on Apache Tomcat 10.1.36,Enforce role/permission checks on the hidden-menu endpoint instead of relying on client-side menu visibility.,,6.5,"T1190, T1078.003",no
Authenticated SSRF Allows Server-Side External HTTP Fetching,high,OWASP WebGoat 2025.3 SSRF Lesson / Spring Boot on Apache Tomcat 10.1.36,"Apply strict URL allow-listing, block private/internal address ranges after DNS resolution, and avoid returning raw fetched content.",,8.1,"T1190, T1090",no
Authenticated Error Responses Disclose Full Java Stack Traces and Source Lines,medium,OWASP WebGoat 2025.3 / Spring Boot on Apache Tomcat 10.1.36,Disable stack traces in HTTP error responses and return generic error messages in production.,,5.3,T1082,no
WebGoat Session Cookie Missing Secure and SameSite Attributes,medium,OWASP WebGoat 2025.3 / Spring Security on Apache Tomcat 10.1.36,"Serve WebGoat over HTTPS and set Secure, HttpOnly, and SameSite=Strict/Lax on session cookies.",,5.4,"T1539, T1550.004",no
Unauthenticated Spring Boot Actuator Health/Env/ConfigProps Exposure Enables Topology Disclosure,medium,OWASP WebGoat 2025.3 / Spring Boot Actuator on Apache Tomcat:8080,Restrict actuator endpoints to authenticated administrators or an internal management network and disable env/configprops exposure in production.,,5.3,"T1082, T1590.004, T1552.002",no
Authenticated WebGoat Error Responses Disclose Full Java/Spring Stack Traces,medium,OWASP WebGoat 2025.3 / Spring Boot on Apache Tomcat:8080,Disable stack traces in error responses and return generic error pages for authenticated and unauthenticated clients.,,5.3,T1082,no
WebWolf Auth Session Cookie Missing Secure and SameSite Attributes,medium,OWASP WebWolf / Spring Security on Apache Tomcat 10.1.36,Serve WebWolf only over HTTPS and set Secure plus SameSite=Lax/Strict on WEBWOLFSESSION cookies.,,5.3,"T1539, T1550.004",no
WebGoat Login Form Lacks CSRF Protection,low,OWASP WebGoat 2025.3 / Spring Security on Apache Tomcat 10.1.36,Enable CSRF protection for login-processing POSTs and set SameSite=Lax/Strict on session cookies.,,3.5,"T1204, T1078.003",no
WebWolf Login Form Lacks CSRF Protection,low,OWASP WebWolf / Spring Security on Apache Tomcat 10.1.36,Enable CSRF protection for WebWolf login POSTs and set SameSite=Lax/Strict on WEBWOLFSESSION.,,3.5,"T1204, T1078.003",no
WebGoat Credentials Reused Across WebWolf Adjacent Service,medium,OWASP WebWolf / Spring Security on Apache Tomcat:9090,Separate WebGoat and WebWolf authorization scopes or require explicit WebWolf entitlement before allowing access to WebWolf functions.,,6.5,"T1078, T1078.003",no
JWT Voting Endpoint Accepts Unsigned alg=none Admin Token,medium,OWASP WebGoat 2025.3 JWTVotesEndpoint / Spring Boot on Apache Tomcat 10.1.36,"Require signed JWS parsing only, pin the expected algorithm, reject unsigned tokens, and use a strong server-side secret.",,6.5,"T1550.001, T1606, T1190",no
Hardcoded Weak HS512 JWT Secret 'victory' Enables Admin Token Forgery,medium,OWASP WebGoat 2025.3 JWTVotesEndpoint / Spring Boot on Apache Tomcat 10.1.36,Remove hardcoded JWT secrets; use a high-entropy 512-bit or stronger secret from a protected secret manager and rotate existing tokens.,,6.5,"T1552.001, T1550.001, T1606",no
"JWT access_token Cookie Missing HttpOnly, Secure, and SameSite Flags",low,OWASP WebGoat 2025.3 JWTVotesEndpoint / Spring Boot on Apache Tomcat 10.1.36,"Set HttpOnly, Secure, and SameSite attributes on JWT cookies and serve the application only over HTTPS.",,3.7,"T1539, T1550.004",no
Authenticated WebWolf Arbitrary File Staging and Retrieval,medium,OWASP WebWolf / Spring Security on Apache Tomcat:9090,"Restrict upload content types/extensions, randomize stored names, scan uploads, and enforce strict per-user authorization and attachment-only download headers.",,5.4,"T1105, T1078",no
WebWolf Allows Authenticated Upload and Public Serving of Arbitrary HTML/JavaScript,medium,OWASP WebWolf / Spring Boot on Apache Tomcat 10.1.36,"Restrict upload file types, serve user uploads with safe content types and Content-Disposition: attachment, and require authorization for file retrieval.",,6.1,"T1189, T1539",no
"JWT access_token Cookie Missing HttpOnly, Secure, and SameSite Attributes",medium,OWASP WebGoat 2025.3 JWT Lesson API on Apache Tomcat 10.1.36,"Set HttpOnly, Secure, and SameSite=Strict/Lax on JWT cookies and serve only over HTTPS.",,5.4,"T1539, T1550.004",no
WebWolf Allows Public Hosting of Uploaded Active HTML Content,medium,OWASP WebWolf / Spring Boot on Apache Tomcat 10.1.36,"Restrict uploaded file types, store uploads outside the web root, force Content-Disposition: attachment and a non-executable Content-Type, and require authorization for downloads unless public sharing is explicitly needed.",,6.1,"T1105, T1189, T1566.002",no
WebGoat Backbone test Route Writes URL Fragment to DOM via jQuery .html(),low,OWASP WebGoat 2025.3 Backbone Client UI:8080,Never pass route/user-controlled data to .html(); use .text() or a vetted sanitizer such as DOMPurify for any intentional HTML rendering.,,3.5,T1189,no
WebWolf Upload Serves Attacker-Controlled HTML Inline,high,OWASP WebWolf / Spring Security on Apache Tomcat:9090,Serve all user uploads as attachments or from an isolated non-scriptable domain; reject active content such as HTML/SVG/JS.,,8.1,"T1105, T1189",no
WebWolf Uploaded HTML Is Publicly Accessible Without Authentication,high,OWASP WebWolf / Spring Security on Apache Tomcat:9090,Require authenticated ownership checks on all uploaded-file downloads and serve user content as attachments from a separate non-scriptable origin.,,8.3,"T1105, T1189, T1078",no
Unauthenticated Spring Boot Actuator Discovery Index Exposes Management Surface,medium,OWASP WebGoat 2025.3 / Spring Boot Actuator on Apache Tomcat:8080,Restrict actuator exposure to minimal endpoints and require administrator authentication for all management routes.,,5.3,"T1082, T1590.004",no
Unauthenticated Spring Boot Actuator Health Discloses Database and Filesystem Metadata,medium,OWASP WebGoat 2025.3 / Spring Boot Actuator on Apache Tomcat:8080,Disable detailed health output for unauthenticated users and expose component details only to administrators.,,5.3,"T1082, T1590.004",no
Unauthenticated Spring Boot Actuator Env Exposes Runtime Property Keyspace,medium,OWASP WebGoat 2025.3 / Spring Boot Actuator on Apache Tomcat:8080,Disable the env actuator endpoint in production or restrict it to authenticated administrators.,,5.3,"T1082, T1552.002",no
Unauthenticated Spring Boot Actuator ConfigProps Exposes Application Binding Metadata,medium,OWASP WebGoat 2025.3 / Spring Boot Actuator on Apache Tomcat:8080,Disable configprops or require administrator authentication for the actuator configuration endpoints.,,5.3,"T1082, T1590.004",no
Unauthenticated Spring Boot Actuator Discovery Index Exposes Management Surface,medium,OWASP WebGoat 2025.3 / Spring Boot Actuator on Apache Tomcat 10.1.36,Restrict actuator endpoints to authenticated administrators and expose only minimal health data.,,5.3,"T1590.002, T1082",no
Authenticated WebGoat SSRF task2 accepts arbitrary external URL input and performs server-side HTTP fetches.,high,10.10.0.13,,,,auto-bridged-from-hypothesis,no
Authenticated error paths disclose full Java stack traces including source class and line information.,critical,10.10.0.13,,,,auto-bridged-from-hypothesis,no
"WebWolf permits authenticated upload of arbitrary HTML/JavaScript and serves it back as text/html from a predictable public file URL, creating a stored active-content hosting/XSS primitive.",medium,10.10.0.13,,,,auto-bridged-from-hypothesis,no
"The JWT voting login endpoint issues access_token cookies without HttpOnly, Secure, or SameSite attributes, exposing JWTs to script access and cross-site request contexts.",medium,10.10.0.13,,,,auto-bridged-from-hypothesis,no
WebWolf public webjars and static assets expose frontend dependency versions and cache/security headers distinct from WebGoat.,medium,10.10.0.13,,,,auto-bridged-from-hypothesis,no
Only the actuator endpoints listed in the WebGoat discovery document are unauthenticated; common sensitive endpoints like beans/mappings/metrics/threaddump are protected or unmapped.,medium,10.10.0.13,,,,auto-bridged-from-hypothesis,no
Standard security metadata files are not published and will not add disclosure beyond the application-specific actuator/static findings.,low,10.10.0.13,,,,auto-bridged-from-hypothesis,no
"WebGoat RequireJS/application JavaScript will disclose additional client libraries, lesson API routes, and versioned static asset paths beyond GoatRouter.js.",medium,10.10.0.13,,,,auto-bridged-from-hypothesis,no
"TRACE is disabled or non-useful on both Tomcat services despite OPTIONS allowing standard safe methods, limiting cross-site tracing risk.",medium,10.10.0.13,,,,auto-bridged-from-hypothesis,no
"WebGoat and WebWolf root/app static security metadata such as robots.txt and crossdomain.xml are absent or redirect to login, producing no additional disclosure.",low,10.10.0.13,,,,auto-bridged-from-hypothesis,no
Actuator health subpaths disclose component-specific subsystem metadata unauthenticated beyond the aggregate health response.,medium,10.10.0.13,,,,auto-bridged-from-hypothesis,no
Targeted actuator env lookups can confirm Java/Tomcat/runtime key presence but values will remain masked.,medium,10.10.0.13,,,,auto-bridged-from-hypothesis,no
"Additional WebGoat client-side models/views disclose more API roots for lesson content, menus, search, reports, and user/session metadata.",medium,10.10.0.13,,,,auto-bridged-from-hypothesis,no
The broad Allow header returned on invalid TRACE is generic Tomcat/Spring error behavior; PUT/DELETE are not practically enabled on login routes.,medium,10.10.0.13,,,,auto-bridged-from-hypothesis,no
WebWolf custom static assets are limited to styling/images and do not disclose API endpoints beyond login HTML navigation.,medium,10.10.0.13,,,,auto-bridged-from-hypothesis,no
WebGoat model files disclose exact unauthenticated/authenticated service endpoints for menu and report-card data.,medium,10.10.0.13,,,,auto-bridged-from-hypothesis,no
The known WebGoat credential csrfh31ypk / Pass123 remains valid and can establish an authenticated JSESSIONID for subsequent auth testing.,medium,10.10.0.13,,,,auto-bridged-from-hypothesis,no
"The JWT voting lesson accepts alg=none access_token cookies in an authenticated session, allowing attacker-controlled JWT claims without a signature.",medium,10.10.0.13,,,,auto-bridged-from-hypothesis,no
"The JWT voting lesson accepts HS512 tokens signed with the weak hard-coded shared secret 'victory', enabling a normal user to forge admin=true without alg=none.",medium,10.10.0.13,,,,auto-bridged-from-hypothesis,no
Tomcat URL rewriting still leaks a fresh JSESSIONID in a redirect Location header when cookies are absent on WebGoat registration/login-adjacent routes.,medium,10.10.0.13,,,,auto-bridged-from-hypothesis,no
WebWolf on port 9090 uses weak authenticated session-cookie attributes similar to WebGoat after login with the shared WebGoat credential.,medium,10.10.0.13,,,,auto-bridged-from-hypothesis,no
"Artifact probes rooted at service root may miss context-relative exposures under /WebGoat or /WebWolf, where WEB-INF, Swagger/OpenAPI, sourcemaps, or actuator-style downloads could expose a JAR/WAR/source artifact.",critical,10.10.0.13,,,,auto-bridged-from-hypothesis,no
The WebGoat JWT voting token uses a weak hard-coded HMAC secret (likely 'victory') allowing a forged admin token to be generated by the crypto JWT primitive.,medium,10.10.0.13,,,,auto-bridged-from-hypothesis,no
The JWT lesson exposes a token-validation/vote endpoint under /WebGoat/JWT/votings that will distinguish a forged admin token from the baseline token via status/body oracle.,medium,10.10.0.13,,,,auto-bridged-from-hypothesis,no
The remaining WebGoat client models/views disclose exact service endpoint URLs and DOM insertion points for hints/report-card content.,medium,10.10.0.13,,,,auto-bridged-from-hypothesis,no
goatConstants.js resolves additional service endpoints including cookieService that can feed access-control or XSS tests.,medium,10.10.0.13,,,,auto-bridged-from-hypothesis,no
Public WebWolf HTML pages expose static asset names or client-side routes for files/mail/JWT flows even though guessed /js/*.js paths failed.,medium,10.10.0.13,,,,auto-bridged-from-hypothesis,no
"WebWolf fileUpload.js contains only cosmetic filename display logic and no client-side validation, implying upload restrictions are server-side only.",medium,10.10.0.13,,,,auto-bridged-from-hypothesis,no
"Downloaded WebGoat frontend artifacts intentionally load obsolete jQuery/jQuery UI aliases, which create client-side exploit surface and can guide XSS/widget-specific testing by the web agents.",medium,10.10.0.13,,,,auto-bridged-from-hypothesis,no
"The same JWT validation endpoint accepts an unsigned alg=none token with admin=true, allowing privilege bypass without the HMAC secret.",medium,10.10.0.13,,,,auto-bridged-from-hypothesis,no
Authenticated WebGoat lesson/menu assets disclose a real SSRF lesson endpoint with a URL-like parameter that can be handed to SSRF scheme/IMDS probes for pivot discovery.,high,10.10.0.13,,,,auto-bridged-from-hypothesis,no
Pagination and report-card client models expose additional status APIs and client-side completion tracking logic that can support access-control/state-manipulation testing.,medium,10.10.0.13,,,,auto-bridged-from-hypothesis,no
"JWTVotesEndpoint does not enforce exp/nbf/iat freshness, so a forged or captured admin JWT can be replayed indefinitely even with a missing or epoch iat claim.",critical,10.10.0.13,,,,auto-bridged-from-hypothesis,no
"The valid WebGoat credential is reused by the adjacent WebWolf service on port 9090, enabling cross-service lateral access to WebWolf mail/files/request-capture functions.",medium,10.10.0.13,,,,auto-bridged-from-hypothesis,no
Authenticated WebWolf file functionality exposes upload/download routes that may permit file staging or path traversal useful for pivoting or artifact exchange.,medium,10.10.0.13,,,,auto-bridged-from-hypothesis,no
"JWTVotesEndpoint trusts loosely typed JWT admin claims and accepts case variants such as 'TRUE'/'True' in addition to boolean true, showing non-strict claim validation.",medium,10.10.0.13,,,,auto-bridged-from-hypothesis,no
"WebWolf file upload stores and serves active HTML content inline, allowing an authenticated user to host arbitrary HTML/JavaScript artifacts on the adjacent service for phishing, callback capture, or chained browser-based attacks.",medium,10.10.0.13,,,,auto-bridged-from-hypothesis,no
"Uploaded WebWolf files are publicly retrievable without an authenticated WebWolf session, converting authenticated upload into unauthenticated payload hosting.",medium,10.10.0.13,,,,auto-bridged-from-hypothesis,no
WebWolf /files is a public unauthenticated file-hosting/upload surface while /fileupload POST may still require authentication or WebGoat credentials.,medium,10.10.0.13,,,,auto-bridged-from-hypothesis,no
WebGoat service endpoints disclosed by static JS are authentication-gated and continue to leak URL-rewritten JSESSIONIDs on unauthenticated access.,medium,10.10.0.13,,,,auto-bridged-from-hypothesis,no
"WebGoat actuator targeted env lookups can confirm management exposure/sanitization and error verbosity policy keys, clarifying exactly why only health/env/configprops are public.",medium,10.10.0.13,,,,auto-bridged-from-hypothesis,no
The unauthenticated WebWolf /files page has the same no-CSP posture as /WebWolf/login but retains X-Frame-Options DENY and no-store headers.,medium,10.10.0.13,,,,auto-bridged-from-hypothesis,no
"WebGoat public static assets include cache validators and CORS Vary headers but not integrity/security headers such as CSP or nosniff, creating a consistent static-header fingerprint.",medium,10.10.0.13,,,,auto-bridged-from-hypothesis,no
"The exposed WebGoat/WebWolf services publish downloadable source-like artifacts such as sourcemaps, Swagger/OpenAPI, or actuator heapdump that can be pulled for static analysis.",critical,10.10.0.13,,,,auto-bridged-from-hypothesis,no
"The WebGoat/WebWolf services expose downloadable application artifacts (actuator heapdump, Swagger/OpenAPI, WEB-INF/META-INF, sourcemaps, or similar) that can be pulled for reverse engineering.",critical,10.10.0.13,,,,auto-bridged-from-hypothesis,no
"Pulled actuator JSON contains embedded configuration details (endpoint links, servlet/session settings, versions, property keys) that can guide exploit chaining even though no native binary has been pulled.",medium,10.10.0.13,,,,auto-bridged-from-hypothesis,no
"WebGoat login accepts a credentialed cross-site POST without CSRF protection, enabling login CSRF/session swapping into an attacker-chosen account.",medium,10.10.0.13,,,,auto-bridged-from-hypothesis,no
"WebWolf login also accepts cross-site credentialed POSTs without CSRF protection, enabling login CSRF/session swapping on the attacker-support service.",medium,10.10.0.13,,,,auto-bridged-from-hypothesis,no
JWTVotesEndpoint does not enforce the issued HS512 algorithm and will accept admin=true JWTs signed with weaker HMAC algorithms such as HS256 using the same recovered secret.,critical,10.10.0.13,,,,auto-bridged-from-hypothesis,no
"The JWT cookie may be vulnerable to session fixation: if an authenticated user lacks an access_token, a pre-planted forged access_token cookie will be honored without the victim visiting the JWT login endpoint.",medium,10.10.0.13,,,,auto-bridged-from-hypothesis,no
"The renderer source disclosed by file:// LFI documents unauthenticated multi-step browser session endpoints, including eval_js, that can be used as a stronger browser pivot than single-shot /render.",critical,10.10.0.13,,,,auto-bridged-from-hypothesis,no
"The WebGoat/WebWolf services expose downloadable artifacts such as actuator heapdump, OpenAPI descriptors, sourcemaps, or packaged resources that can be statically analyzed for hardcoded secrets and dangerous sinks.",critical,10.10.0.13,,,,auto-bridged-from-hypothesis,no
Pulled WebWolf client/page artifacts disclose the file upload/download route structure and may contain weak client-side validation or path construction assumptions useful for upload/path traversal testing.,medium,10.10.0.13,,,,auto-bridged-from-hypothesis,no
Unauthenticated WebGoat actuator endpoints are still present and can disclose runtime or network topology useful for pivot discovery.,medium,10.10.0.13,,,,auto-bridged-from-hypothesis,no
"Spring Boot actuator discovery/env/configprops/health are still exposed unauthenticated and leak runtime, database and configuration metadata.",medium,10.10.0.13,,,,auto-bridged-from-hypothesis,no
WebGoat JSESSIONID Issued Without Secure or SameSite on Authentication Flow,medium,OWASP WebGoat 2025.3 / Spring Security on Apache Tomcat 10.1.36,Serve WebGoat only over HTTPS and set Secure and SameSite=Strict/Lax on JSESSIONID.,,5.4,"T1539, T1550.004",no
Authenticated malformed lesson API calls return verbose Java stack traces including package/class/method and line numbers.,medium,10.10.0.13,,,,auto-bridged-from-hypothesis,no
The WebGoat JWT voting lesson on 10.10.0.13 still issues attacker-obtainable JWTs and accepts forged HS512 tokens signed with the weak shared secret `victory`.,medium,10.10.0.13,,,,auto-bridged-from-hypothesis,no
The strict JWT admin-bypass probe may have failed because the HTTP client sent both original and forged access_token cookies; using an explicit single Cookie header should allow the HS512/victory forged token to be evaluated.,medium,10.10.0.13,,,,auto-bridged-from-hypothesis,no
The WebGoat JWT voting lesson also accepts an unsigned `alg=none` token with `admin=true` when supplied as the sole access_token cookie.,medium,10.10.0.13,,,,auto-bridged-from-hypothesis,no
The WebGoat DOM XSS lesson phone-home endpoint trusts a client-supplied header/parameters and lets an authenticated user complete the assignment by direct POST without proving browser-side script execution.,medium,10.10.0.13,,,,auto-bridged-from-hypothesis,no
"When the access_token cookie is sent without cookie-jar path conflicts, the live JWTVotesEndpoint accepts either an unsigned alg=none admin token or an HS512 token signed with the static code secret and returns lessonCompleted=true, while the server-issued Tom token returns the non-admin feedback.",medium,10.10.0.13,,,,auto-bridged-from-hypothesis,no
"The hard-coded JWTVotesEndpoint secret 'victory' is exploitable as an HS512 signing key against the live endpoint after authentication, independently of the alg=none bypass.",medium,10.10.0.13,,,,auto-bridged-from-hypothesis,no
Pulled WebGoat/WebWolf client JavaScript contains endpoint disclosures or DOM injection sinks that were not covered by the JWT-focused static review.,low,10.10.0.13,,,,auto-bridged-from-hypothesis,no
"The first-party Backbone route 'test/:param' is a reachable client-side DOM XSS sink because GoatRouter passes a URL-fragment parameter to LessonContentView.showTestParam(), which writes it to .html() without encoding.",medium,10.10.0.13,,,,auto-bridged-from-hypothesis,no
AssignmentStatusModel and client templates may expose field names and report card/overview semantics needed for precise oracle construction by web agents.,medium,10.10.0.13,,,,auto-bridged-from-hypothesis,no
"WebWolf /fileupload accepts active HTML/JSP-like extensions and serves uploaded content back from /WebWolf/files/{username}/{filename} with a browser-renderable content type, enabling attacker-hosted active content under the trusted WebWolf origin.",medium,10.10.0.13,,,,auto-bridged-from-hypothesis,no
"Uploaded WebWolf HTML files are publicly retrievable without authentication and served as text/html, making /WebWolf/files/{username}/{filename} an attacker-controlled same-origin active-content hosting primitive.",medium,10.10.0.13,,,,auto-bridged-from-hypothesis,no
"Previously pulled WebWolf HTML artifacts named backup.bin/firmware/update/updates are not firmware binaries, but may reveal WebWolf application routes usable by web agents.",medium,10.10.0.13,,,,auto-bridged-from-hypothesis,no
WebWolf WEBWOLFSESSION Cookie Missing Secure and SameSite Attributes,medium,OWASP WebWolf / Spring Security on Apache Tomcat 10.1.36,Enable HTTPS-only deployment and set Secure plus SameSite=Strict/Lax on WEBWOLFSESSION.,,5.4,"T1539, T1550.004",no
Obsolete jQuery and jQuery UI libraries served by WebGoat,medium,OWASP WebGoat 2025.3 static JavaScript on Apache Tomcat/Spring Boot:8080,Upgrade jQuery/jQuery UI to supported patched versions and remove legacy vulnerable aliases from the public RequireJS config.,,6.1,"CVE-2019-11358, CVE-2020-11022, CVE-2020-11023",no
Client-side lesson renderer inserts server-supplied HTML with jQuery .html(),low,OWASP WebGoat 2025.3 public WebGoat JavaScript LessonContentView:8080,Replace .html() with .text() for feedback/output and sanitize any intentionally rendered lesson HTML with a strict allowlist sanitizer.,,3.7,T1059.007,no
Unauthenticated Spring Boot Actuator Disclosure on WebGoat,medium,OWASP WebGoat 2025.3 / Spring Boot Actuator on Apache Tomcat 10.1.36,Restrict actuator exposure to health/info only and require authenticated admin access for management endpoints.,,6.5,"T1082, T1590.004, T1552.002",no
WebGoat JSESSIONID Cookie Missing Secure and SameSite Flags,medium,OWASP WebGoat 2025.3 / Spring Security on Apache Tomcat 10.1.36,"Enable HTTPS and configure session cookies with Secure, HttpOnly, and SameSite=Strict or Lax as appropriate.",,5.4,"T1539, T1550.004",no
WebWolf WEBWOLFSESSION Cookie Missing Secure and SameSite Flags,medium,OWASP WebWolf / Spring Security on Apache Tomcat 10.1.36,Serve WebWolf only over HTTPS and configure WEBWOLFSESSION with Secure and SameSite attributes.,,5.4,"T1539, T1550.004",no
Additional WebGoat client views render service data through raw HTML sinks,low,OWASP WebGoat 2025.3 public WebGoat JavaScript views:8080,"Use text()/escaped template interpolation for service-derived values, and sanitize only the minimal trusted markup that must remain HTML.",,3.7,T1059.007,no
"WebGoat JWT Voting Lesson Uses Weak HS512 Secret `victory`, Allowing Admin Token Forgery",high,OWASP WebGoat 2025.3 JWTVotesEndpoint / Spring Boot on Apache Tomcat 10.1.36,Replace the hard-coded weak HMAC secret with a high-entropy rotated secret or asymmetric JWT signing and validate claims server-side.,,8.1,"T1550.001, T1606",no
WebGoat JWT Voting Endpoint Accepts Unsigned alg=none Admin Tokens,high,OWASP WebGoat 2025.3 JWTVotesEndpoint / Spring Boot on Apache Tomcat 10.1.36,Disable unsecured JWT parsing and enforce a pinned signed algorithm with mandatory signature validation for every token.,,8.1,"T1550.001, T1606",no
Missing Function-Level Access Control on WebGoat Hidden Menu Completion Endpoint,medium,OWASP WebGoat 2025.3 Missing Function Access Control Lesson / Spring Boot on Apache Tomcat 10.1.36,"Enforce server-side authorization and workflow checks on hidden function endpoints, not just menu visibility.",,6.5,"T1190, T1078.003",no
WebGoat Registration Lacks CSRF Protection and Allows Tokenless Account Creation,medium,OWASP WebGoat 2025.3 Registration Flow / Spring Security on Apache Tomcat 10.1.36,Require and validate an anti-CSRF token for /WebGoat/register.mvc and rate-limit/account-creation workflows.,,6.5,"T1185, T1136",no
"WebGoat’s Spring Security login response still issues JSESSIONID over cleartext HTTP without Secure and SameSite attributes, preserving the prior session-cookie weakness.",medium,10.10.0.13,,,,auto-bridged-from-hypothesis,no
WebWolf’s authentication flow on port 9090 shares the same weak session-cookie configuration as WebGoat: its session cookie is issued without Secure/SameSite on login redirects.,medium,10.10.0.13,,,,auto-bridged-from-hypothesis,no
WebGoat registration POST may be slow but functional; waiting longer for one compliant account should create a loginable user for authenticated JWT lesson validation.,medium,10.10.0.13,,,,auto-bridged-from-hypothesis,no
"With an authenticated WebGoat session, the missing function-level access control hidden-menu endpoint remains directly callable by a normal user when the expected hiddenMenu request parameters are supplied in the query string or exact lesson names.",medium,10.10.0.13,,,,auto-bridged-from-hypothesis,no
"JWT/votings accepts the issued JWT in a specific request field; if the HS512 token is signed with weak secret `victory`, changing `admin` from string `false` to `true` should alter lesson feedback or complete the assignment.",medium,10.10.0.13,,,,auto-bridged-from-hypothesis,no
"The JWT voting endpoint may also accept an unsigned alg=none token in the access_token cookie, allowing admin impersonation without knowing the HS512 secret.",medium,10.10.0.13,,,,auto-bridged-from-hypothesis,no
"WebGoat public registration accepts unauthenticated cross-site form POSTs without any CSRF token, allowing attacker-chosen account creation from a victim browser.",medium,10.10.0.13,,,,auto-bridged-from-hypothesis,no
"The downloadable WebWolf Bootstrap source map is third-party-only and unlikely to contain application secrets, but should be checked for embedded source paths or comments.",critical,10.10.0.13,,,,auto-bridged-from-hypothesis,no
Additional public WebGoat views beyond LessonContentView contain DOM insertion sinks or endpoint disclosures that were not covered by the first static pass.,low,10.10.0.13,,,,auto-bridged-from-hypothesis,no
Pagination/report-card templates use underscore interpolation in a way that may render authenticated service data into HTML without escaping.,medium,10.10.0.13,,,,auto-bridged-from-hypothesis,no
"The WebWolf Bootstrap 5.3.3 minified JavaScript advertises an exposed source map (bootstrap.min.js.map), which may be downloadable and reveal original source paths/package metadata.",critical,10.10.0.13,,,,auto-bridged-from-hypothesis,no
The previously pulled WebGoat custom JavaScript artifact d3bf047deea2-main.js likely contains RequireJS module/dependency configuration and client route constants that can guide deeper endpoint testing.,medium,10.10.0.13,,,,auto-bridged-from-hypothesis,no
WebGoat custom JavaScript modules contain unsafe client-side HTML insertion or dynamic AJAX form submission patterns that can guide XSS/CSRF testing by the web agents.,medium,10.10.0.13,,,,auto-bridged-from-hypothesis,no
"Additional WebGoat client modules expose report-card, lesson-overview, and notification flows that may reveal unauthenticated or weakly protected JSON/MVC service endpoints.",medium,10.10.0.13,,,,auto-bridged-from-hypothesis,no
Lesson-specific JavaScript hooks in pulled WebGoat assets reveal additional hidden lesson endpoints and DOM sinks not captured by generic route constants.,medium,10.10.0.13,,,,auto-bridged-from-hypothesis,no
"Static client templates pulled into the artifact volume may contain additional route/field names, hidden form fields, or unsafe template interpolation patterns useful for web/auth agents.",medium,10.10.0.13,,,,auto-bridged-from-hypothesis,no
"Direct source-map filename probes for known minified WebGoat/WebWolf libraries may locate downloadable maps that artifact_hunter missed, similar to the confirmed Bootstrap source map exposure.",critical,10.10.0.13,,,,auto-bridged-from-hypothesis,no
The newly shared WebWolf anonymous file-hosting URL can be pulled as a source/config artifact and used as a benign external-content staging primitive for SSRF or XSS chains; reverse review should confirm content and route pattern.,critical,10.10.0.13,,,,auto-bridged-from-hypothesis,no
Tomcat URL-Rewritten Session IDs Leak in Redirect Locations,medium,OWASP WebGoat 2025.3 and WebWolf on Apache Tomcat 10.1.36,Disable URL-based session tracking and enforce Secure/SameSite cookie-only sessions.,,6.5,"T1539, T1550.004",no
Unauthenticated Spring Boot Actuator Exposure Discloses WebGoat Runtime Metadata,medium,OWASP WebGoat 2025.3 / Spring Boot Actuator on Apache Tomcat 10.1.36,"Restrict actuator endpoints to authenticated administrators, minimize exposure to health/info, and disable detailed health/env/configprops output in production.",,5.3,"T1590.004, T1082, T1552.002",no
WebWolf URL-Rewritten Session Identifier Leaked in Redirect Location,medium,OWASP WebWolf / Spring Security on Apache Tomcat 10.1.36,"Disable URL session tracking, require cookie-only sessions with Secure/SameSite, and serve WebWolf exclusively over HTTPS.",,5.4,"T1539, T1550.004",no
Hard-coded weak HS512 JWT signing secret in WebGoat voting lesson,medium,OWASP WebGoat 2025.3 JWT voting lesson / Spring Boot on Apache Tomcat 10.1.36,"Remove hard-coded JWT secrets; load a high-entropy rotated secret from a protected secret store or switch to asymmetric JWT signing, and set HttpOnly/Secure/SameSite on access_token cookies.",,6.5,"T1552.001, T1606",no
WebGoat JWT Voting Tokens Signed With Weak Hard-Coded HS512 Secret,medium,OWASP WebGoat 2025.3 JWT Voting Lesson / Spring Boot on Apache Tomcat 10.1.36,"Replace the hard-coded HMAC key with a high-entropy managed secret, rotate existing tokens, and derive authorization from server-side state rather than client-controlled claims.",,6.5,"T1552.001, T1550.003",no
WebGoat JWT Voting Accepts Unsigned alg=none Admin Tokens,medium,OWASP WebGoat 2025.3 JWT Voting Lesson / Spring Boot on Apache Tomcat 10.1.36,"Disable alg=none, pin the expected signing algorithm, and verify authorization claims against server-side state.",,6.5,"T1550.001, T1606",no
WebGoat JWT Voting Token Forgery via Hard-Coded HS512 Secret,high,OWASP WebGoat 2025.3 JWTVotesEndpoint / Spring Boot on Apache Tomcat 10.1.36,"Remove hard-coded JWT secrets, rotate signing keys, and enforce admin authorization server-side instead of trusting mutable JWT claims.",,8.1,"T1552.002, T1550.001, T1606",no
WebGoat JWT Voting Endpoint Accepts Unsigned alg=none Admin Tokens,high,OWASP WebGoat 2025.3 JWTVotesEndpoint / Spring Boot on Apache Tomcat 10.1.36,"Reject unsigned JWTs, enforce a signed-algorithm allow-list, and authorize admin operations using server-side roles.",,8.1,"T1550.001, T1606",no
WebGoat JWT Voting Endpoint Accepts Forged HS512 Admin Token Signed With Hard-Coded Secret,high,OWASP WebGoat 2025.3 JWTVotesEndpoint / Spring Boot on Apache Tomcat 10.1.36,"Remove the hard-coded JWT secret, store a high-entropy signing key in secret management, rotate existing tokens, enforce issuer/audience/expiry, and validate admin authorization server-side rather than trusting a client-controlled claim.",,8.1,"T1550.001, T1606, T1190",no
WebGoat JWT Voting Endpoint Accepts Unsigned alg=none Admin Token,high,OWASP WebGoat 2025.3 JWTVotesEndpoint / Spring Boot on Apache Tomcat 10.1.36,"Reject alg=none and all unexpected JWT algorithms, require a verified signature with a server-side key, and do not trust client-controlled admin claims for authorization.",,8.1,"T1550.001, T1606, T1190",no
WebWolf Cross-Account File Read via Predictable Per-User File Path,medium,OWASP WebWolf / Spring Boot on Apache Tomcat 10.1.36,Check object ownership on every file download and avoid predictable user-controlled file URLs for private content.,,6.5,"T1078.003, T1213",no
WebGoat JWT Voting API Accepts Unsigned alg=none access_token Cookies,medium,OWASP WebGoat 2025.3 JWT Voting API on Apache Tomcat 10.1.36,Reject alg=none/unsecured JWTs and enforce a fixed server-side signing algorithm and key for access_token validation.,,6.5,"T1550.001, T1606",no
WebGoat JWT Voting API Uses Weak Hard-Coded HS512 Secret 'victory',medium,OWASP WebGoat 2025.3 JWT Voting API on Apache Tomcat 10.1.36,Rotate the JWT secret to a high-entropy server-side secret and remove hard-coded/default keys such as 'victory'.,,6.5,"T1550.001, T1606",no
WebGoat Login Issues JSESSIONID over Plain HTTP Without Secure or SameSite,medium,OWASP WebGoat 2025.3 Spring Security on Apache Tomcat 10.1.36,Serve WebGoat only over HTTPS and set Secure and SameSite=Lax/Strict on JSESSIONID.,,5.4,"T1539, T1550.004",no
WebGoat JWT voting endpoint accepts unsigned alg=none access_token cookies,medium,OWASP WebGoat 2025.3 JWTVotesEndpoint / Spring Boot on Apache Tomcat 10.1.36,"Disable alg=none, pin the expected signing algorithm, and validate JWTs with a server-side key before trusting any claims.",,6.5,"T1550.001, T1606",no
WebGoat JWT voting access_token signed with weak hard-coded HS512 secret,medium,OWASP WebGoat 2025.3 JWTVotesEndpoint / Spring Boot on Apache Tomcat 10.1.36,"Replace the hard-coded HMAC key with a randomly generated 512-bit-or-longer secret stored outside source code, rotate issued tokens, and enforce expiry/issuer/audience validation.",,6.5,"T1550.001, T1606",no
WebWolf Login Issues WEBWOLFSESSION over Plain HTTP Without Secure or SameSite,medium,OWASP WebWolf Spring Security on Apache Tomcat 10.1.36,Serve WebWolf only over HTTPS and set Secure and SameSite=Lax/Strict on WEBWOLFSESSION.,,5.4,"T1539, T1550.004",no
Hardcoded JWT HMAC Secret Enables Forged Admin Tokens,medium,OWASP WebGoat 2025.3 JWTVotesEndpoint / Spring Boot on Apache Tomcat 10.1.36,"Replace the hardcoded JWT secret with a high-entropy environment-managed secret, rotate existing tokens, and validate only signed claims with a fixed allowed algorithm.",,6.5,"T1552.001, T1606, T1550.001",no
"JWT access_token Cookie Missing HttpOnly, Secure, and SameSite Attributes",medium,OWASP WebGoat 2025.3 JWTVotesEndpoint / Spring Boot on Apache Tomcat 10.1.36,"Set HttpOnly, Secure, SameSite, and a constrained Path on all authentication/authorization cookies; serve the application only over HTTPS.",,5.4,"T1539, T1550.004",no
JWT Voting POST Authorizes Admin Action Solely from Attacker-Controlled JWT Claims,high,OWASP WebGoat 2025.3 JWTVotesEndpoint / Spring Boot on Apache Tomcat 10.1.36,"Enforce server-side role authorization for admin actions and treat JWT claims as untrusted unless strongly signed, issuer/audience-checked, and mapped to server-side privileges.",,7.5,"T1550.001, T1606, T1078.003",no
JSESSIONID leaked in URL-rewritten redirect and issued without Secure/SameSite flags,medium,OWASP WebGoat 2025.3 / Spring Security on Apache Tomcat 10.1.36,Disable URL-rewritten session identifiers and set Secure/SameSite on session cookies over HTTPS.,,6.5,"T1539, T1550.004",no
Unauthenticated Spring Boot Actuator Metadata Exposure,medium,OWASP WebGoat 2025.3 / Spring Boot Actuator on Apache Tomcat 10.1.36,Restrict actuator exposure to required endpoints and require authenticated/authorized access to any sensitive management endpoint.,,5.3,"T1082, T1590.004",no
Live WebGoat Client Bundle Serves Obsolete jQuery/jQuery UI and jQuery Form Plugin with Eval JSON Fallback,medium,OWASP WebGoat 2025.3 client JavaScript on Apache Tomcat 10.1.36,"Remove vulnerable demo libraries from production builds, upgrade jQuery to 3.7.1+ and jQuery UI to 1.13.3+, and eliminate eval-based JSON parsing.",,6.1,"CVE-2015-9251, CVE-2019-11358, CVE-2020-11022",no
Missing Function-Level Access Control on Hidden Menu Completion Endpoint,medium,OWASP WebGoat 2025.3 Missing Function Access Control lesson / Spring Boot on Apache Tomcat 10.1.36,Enforce server-side authorization on hidden lesson functions and never rely on client-side menu visibility as an access-control boundary.,,6.5,"T1190, T1078.003",no
JWT Voting Lesson Accepts HS512 Tokens Signed With Weak Hard-Coded Secret,medium,OWASP WebGoat 2025.3 JWTVotesEndpoint / Spring Boot on Apache Tomcat 10.1.36,"Replace the hard-coded weak JWT secret with a high-entropy server-side secret, rotate existing tokens, and validate claims server-side.",,6.5,"T1550.001, T1606",no
JWT voting tokens signed with weak hard-coded HMAC secret 'victory',medium,OWASP WebGoat 2025.3 JWTVotesEndpoint / Spring Boot on Apache Tomcat 10.1.36,"Remove the hard-coded JWT secret, use a high-entropy managed signing key, rotate existing tokens, and validate issuer/audience/expiry/role claims server-side.",,6.5,"T1552.001, T1550.001, T1606",no
Missing function-level access control on hidden-menu lesson endpoint,medium,OWASP WebGoat 2025.3 Missing Function Access Control Lesson / Spring Boot on Apache Tomcat 10.1.36,Require server-side authorization/state validation for hidden functions instead of relying on client-side menu visibility.,,6.5,"T1190, T1078.003",no
WebWolf session cookie missing Secure and SameSite attributes,medium,OWASP WebWolf / Spring Security on Apache Tomcat 10.1.36,Serve WebWolf only over HTTPS and set Secure plus SameSite=Lax/Strict on WEBWOLFSESSION.,,6.1,"T1539, T1550.004, T1185",no
WebWolf Allows Authenticated Upload and Inline Serving of Active HTML Content,medium,OWASP WebWolf file upload / Spring Boot on Apache Tomcat 10.1.36,Block active file extensions or serve all user uploads as attachments from a separate sandboxed/static origin with non-executable Content-Type.,,6.1,"T1105, T1189",no
Authenticated WebWolf File Upload Provides Attacker-Controlled Staging Channel,low,OWASP WebWolf 2025.3 on Apache Tomcat 10.1.36,"Disable WebWolf file upload outside training or restrict uploads with strict authorization, randomized paths, size/type controls, and expiration.",,3.1,"T1105, T1583.006",no
Publicly Accessible Predictable WebWolf Uploaded Files Enable Payload Staging,medium,OWASP WebWolf 2025.3 file hosting on Apache Tomcat 10.1.36,"Require authentication and per-user authorization for /WebWolf/files/**, randomize stored object names, and expire uploaded content.",,5.3,"T1105, T1583.006",no
Public registration endpoint lacks CSRF protection and creates attacker-chosen accounts,medium,OWASP WebGoat 2025.3 Registration Flow / Spring Boot on Apache Tomcat 10.1.36,Enable Spring Security CSRF protection for /register.mvc and validate Origin/Referer for state-changing requests.,,6.5,"T1185, T1136.001",no
Reachable DOM XSS Sink in WebGoat AJAX Lesson Renderer,medium,OWASP WebGoat 2025.3 client lesson renderer on Apache Tomcat 10.1.36,"Render untrusted feedback/output with textContent/.text(), or sanitize with a strict HTML sanitizer before .html().",,6.1,T1189,no
WebGoat JWT voting endpoint accepts HS512 administrator token forged with weak shared secret,medium,OWASP WebGoat 2025.3 JWTVotesEndpoint / Spring Boot on Apache Tomcat 10.1.36,"Replace the hard-coded weak JWT secret with a high-entropy managed key, rotate tokens, and enforce authorization from server-side session/roles rather than client-controlled JWT claims.",,6.5,"T1550.001, T1606",no
WebGoat JWT voting endpoint accepts unsigned alg=none administrator tokens,medium,OWASP WebGoat 2025.3 JWTVotesEndpoint / Spring Boot on Apache Tomcat 10.1.36,"Disable unsecured JWT parsing, pin the expected signing algorithm, require a verified JWS signature, and move admin authorization to server-side role checks.",,6.5,"T1550.001, T1606",no
JWT kid header SQL injection enables attacker-controlled HS256 verification key,high,OWASP WebGoat 2025.3 JWTHeaderKIDEndpoint / Spring Boot on Apache Tomcat 10.1.36,"Parameterize the key lookup query, strictly allow-list `kid` values, and reject tokens whose key ID is not a known server-managed identifier.",,8.1,"T1190, T1550.001",no
JWT jku header accepts attacker-hosted JWKS for RS256 key substitution,high,OWASP WebGoat 2025.3 JWTHeaderJKUEndpoint / Spring Boot on Apache Tomcat 10.1.36 with WebWolf file hosting:8080,"Allow-list and pin JWKS origins/key IDs, reject arbitrary `jku` URLs, and verify issuer/audience claims against trusted configuration.",,8.1,"T1550.001, T1606",no
Unauthenticated Spring Boot Actuator Discovery Index Exposure,medium,OWASP WebGoat 2025.3 / Spring Boot Actuator on Apache Tomcat 10.1.36,Restrict actuator exposure to the minimum required endpoints and require authenticated administrative access.,,5.3,"T1590.004, T1082",no
Unauthenticated Spring Boot Actuator Health Leaks Database and Filesystem Metadata,medium,OWASP WebGoat 2025.3 / Spring Boot Actuator on Apache Tomcat 10.1.36,Disable public health details and require an administrative role for detailed actuator health components.,,5.3,"T1082, T1590.004",no
Unauthenticated Spring Boot Actuator Health/Env/ConfigProps Disclosure,medium,OWASP WebGoat 2025.3 / Spring Boot on Apache Tomcat 10.1.36,"Restrict actuator endpoints to authenticated administrators, expose only minimal health checks, and disable env/configprops exposure in production.",,6.5,"T1590.004, T1082, T1552.002",no
WebGoat auth redirect leaks JSESSIONID in URL rewriting,medium,OWASP WebGoat 2025.3 / Spring Boot on Apache Tomcat 10.1.36,"Disable URL-based session tracking and use secure, HttpOnly, SameSite cookies over HTTPS only.",,6.1,"T1539, T1550.004",no
WebGoat JWT Voting Endpoint Accepts alg=none Token,medium,OWASP WebGoat 2025.3 JWT Voting Lesson / Spring Boot on Apache Tomcat 10.1.36,Pin JWT algorithms server-side and reject unsigned tokens; upgrade/centralize JWT validation so alg=none is never accepted.,,6.5,"T1606, T1550.001",no
Unauthenticated Spring Boot Actuator Config Disclosure Exposes Sensitive Key Names,medium,OWASP WebGoat 2025.3 Spring Boot Actuator on Apache Tomcat:8080,Restrict actuator exposure to health/info only and require administrator authentication on management endpoints.,,5.3,"T1082, T1552.002",no
Public WebGoat JavaScript Loads Obsolete Vulnerable jQuery 2.1.4 and jQuery UI 1.10.3,medium,OWASP WebGoat 2025.3 public static JavaScript:8080,Remove intentionally vulnerable library aliases from production builds and upgrade jQuery/jQuery UI to current patched releases.,,5.4,"CVE-2015-9251, CVE-2021-41182, CVE-2021-41183",no
Authenticated WebGoat service endpoints disclose full Java stack traces on invalid lesson identifiers,medium,OWASP WebGoat 2025.3 / Spring Boot on Apache Tomcat 10.1.36,Disable stack traces in error responses and validate lesson identifiers before dereferencing lesson objects.,,5.3,"T1082, T1590.002",no
WebGoat JWT Voting Lesson Accepts Weak-Secret HS512 Forged Admin Token,medium,OWASP WebGoat 2025.3 JWTVotesEndpoint / Spring Boot on Apache Tomcat 10.1.36,"Remove hard-coded JWT secrets, use strong server-side key management, enforce an allowed algorithm list, and validate issuer/audience/subject/expiry server-side.",,6.5,"T1550.001, T1606",no
WebGoat JWT Voting Lesson Accepts Unsigned alg=none Admin Token,medium,OWASP WebGoat 2025.3 JWTVotesEndpoint / Spring Boot on Apache Tomcat 10.1.36,"Reject alg=none tokens, enforce expected signing algorithms, and verify signatures/claims on the server for every JWT-authenticated action.",,6.5,"T1550.001, T1606",no
Unauthenticated Spring Boot Actuator Health/Env/ConfigProps Disclosure,medium,OWASP WebGoat 2025.3 / Spring Boot on Apache Tomcat 10.1.36,"Restrict actuator endpoints to authenticated administrators, expose only minimal health checks, and disable env/configprops exposure in production.",,6.5,"T1590.004, T1082, T1552.002",no
WebGoat LessonContentView Uses Unsafe .html() for Server-Supplied Feedback and Output,medium,OWASP WebGoat 2025.3 public frontend JavaScript:8080,Render untrusted lesson feedback/output with textContent/.text() or sanitize with a strict allowlist sanitizer before HTML insertion.,,6.1,"T1189, T1059.007",no
WebGoat JWT Voting Tokens Use Hard-Coded Weak HMAC Secret 'victory',medium,OWASP WebGoat 2025.3 JWT Voting Lesson / Spring Boot on Apache Tomcat 10.1.36,Replace the hard-coded JWT HMAC key with a rotated high-entropy secret managed outside application source/config.,,6.5,"T1552.001, T1606, T1550.001",no
Public WebGoat registration accepts cross-origin no-CSRF account creation,medium,OWASP WebGoat 2025.3 registration flow / Spring Boot on Apache Tomcat 10.1.36,Require CSRF tokens and Origin/Referer validation for registration and other auth state-changing endpoints.,,5.4,"T1189, T1136",no
"JWT voting access_token cookie lacks HttpOnly, SameSite and Secure attributes",medium,OWASP WebGoat 2025.3 JWT voting lesson / Spring Boot on Apache Tomcat 10.1.36,"Set JWT cookies with HttpOnly, Secure, SameSite=Lax/Strict, and a constrained Path; serve only over HTTPS.",,6.1,"T1539, T1550.004",no
Missing Function-Level Access Control on WebGoat Hidden Menu Endpoint,medium,OWASP WebGoat 2025.3 Missing Function Access Control Lesson / Spring Boot on Apache Tomcat 10.1.36,Add explicit authorization checks to hidden function endpoints and remove sensitive function discovery through unauthenticated/error responses.,,6.5,"T1190, T1078.003",no
WebWolf Uploaded Files Are Publicly Readable via Predictable User Paths,medium,OWASP WebWolf / Spring Boot on Apache Tomcat 10.1.36,Enforce per-file authorization on download routes and avoid predictable username/filename object references.,,6.5,"T1190, T1530",no
WebGoat JSESSIONID cookie lacks Secure and SameSite attributes,medium,OWASP WebGoat 2025.3 / Spring Security on Apache Tomcat 10.1.36,Serve WebGoat over HTTPS and set Secure plus SameSite=Lax or Strict on JSESSIONID.,,5.4,"T1539, T1550.004",no
WebGoat JWT voting tokens signed with weak hard-coded HS512 secret `victory`,medium,OWASP WebGoat 2025.3 JWT voting lesson / Spring Boot on Apache Tomcat 10.1.36,Replace hard-coded JWT HMAC secrets with high-entropy rotated secrets and never trust client-supplied admin/role claims for authorization decisions.,,6.5,"T1552.001, T1550.001, T1606",no
WebWolf session cookie and redirect leak WEBWOLFSESSION without Secure/SameSite,medium,OWASP WebWolf / Spring Security on Apache Tomcat 10.1.36,Disable URL rewriting and set Secure plus SameSite on WEBWOLFSESSION over HTTPS.,,6.1,"T1539, T1550.004",no
WebWolf accepts WebGoat low-privilege credentials for companion service access,low,OWASP WebWolf / WebGoat shared authentication:9090,Use separate realms/authorization policies for WebWolf if it should not trust all WebGoat users.,,3.7,T1078.003,no
Cross-Service Credential Reuse Enables Authenticated WebWolf Active Content Staging,medium,OWASP WebWolf / Spring Security on Apache Tomcat 10.1.36,"Use separate WebWolf credentials/authorization, enforce CSRF protection, validate uploaded file types, and serve uploads as attachments from a non-executable origin.",,6.5,"T1078.003, T1105, T1583.006",no
WebGoat JWT voting endpoint accepts unsigned alg=none access_token JWTs,medium,OWASP WebGoat 2025.3 JWT voting lesson / Spring Boot on Apache Tomcat 10.1.36,"Disable alg=none, enforce an allowlist of expected JWT algorithms, and verify signatures using a modern JWT parser configuration.",,6.5,"T1550.001, T1606",no
WebWolf File Upload Lacks CSRF Protection and Publishes Forced HTML Uploads Publicly,medium,OWASP WebWolf / Spring Security on Apache Tomcat 10.1.36,"Require CSRF tokens and same-origin checks for /WebWolf/fileupload, validate file types, and serve uploads as attachments or from a sandboxed domain.",,6.8,"T1189, T1539, T1105",no
WebWolf Public File Staging Allows Same-Name Payload Overwrite,medium,OWASP WebWolf / Spring Security on Apache Tomcat 10.1.36,Make uploaded file URLs immutable or require explicit delete/replace controls with audit logging and cache invalidation.,,6.4,"T1105, T1583.006",no
WebWolf file upload lacks CSRF protection and accepts hostile-origin multipart uploads,medium,OWASP WebWolf file upload / Spring Boot on Apache Tomcat 10.1.36,Require CSRF tokens and Origin/Referer validation on /WebWolf/fileupload; consider restricting uploaded content types and serving with safe Content-Disposition.,,6.5,"T1189, T1105",no
Known public WebGoat static library paths are downloadable and can be statically scanned for obsolete vulnerable client-side libraries or unsafe client code even without sourcemaps.,critical,10.10.0.13,,,,auto-bridged-from-hypothesis,no
"The JWT voting API authorizes requests based on the access_token payload without verifying the JWT signature, so a syntactically valid alg=none token can unlock authenticated voting fields compared with no token.",medium,10.10.0.13,,,,auto-bridged-from-hypothesis,no
"JWT voting tokens are signed with the hard-coded HMAC secret 'victory', allowing an attacker to mint a new HS512 access_token for an allowed user and receive authenticated voting fields without using the server-issued token.",medium,10.10.0.13,,,,auto-bridged-from-hypothesis,no
"WebWolf hosted uploaded files are globally readable by predictable /WebWolf/files/{username}/{filename} URLs, causing cross-account and anonymous access to user-uploaded content.",medium,10.10.0.13,,,,auto-bridged-from-hypothesis,no
"With an authenticated WebGoat session, the JWT voting lesson accepts a client-supplied HS512 JWT signed with weak secret 'victory' and admin=true claims.",medium,10.10.0.13,,,,auto-bridged-from-hypothesis,no
"WebWolf accepts arbitrary .html uploads and serves them back inline from /WebWolf/files/{username}/, making authenticated stored active-content upload possible even though filenames are escaped in the listing.",medium,10.10.0.13,,,,auto-bridged-from-hypothesis,no
Prior session handling issues are still present: WebGoat/WebWolf issue JSESSIONID cookies over HTTP without Secure/SameSite and may leak jsessionid via URL rewriting redirects.,medium,10.10.0.13,,,,auto-bridged-from-hypothesis,no
The pulled Java source contains JWTVotesEndpoint with a hardcoded HMAC secret and insecure JWT validation/signing logic that is reachable at /WebGoat/JWT/votings.,critical,10.10.0.13,,,,auto-bridged-from-hypothesis,no
"The WebGoat registration/login flow can be completed by deriving CSRF/form fields from the public form, enabling authenticated auth-lesson testing without using pre-seeded credentials.",medium,10.10.0.13,,,,auto-bridged-from-hypothesis,no
"Ordinary authenticated users can trigger verbose Java stack traces from auth lesson service endpoints by varying lesson-id case, disclosing controller class names and exception paths.",medium,10.10.0.13,,,,auto-bridged-from-hypothesis,no
"The public WebGoat registration endpoint performs account-creation side effects without any CSRF token or authenticated precondition, enabling cross-site forced account creation.",critical,10.10.0.13,,,,auto-bridged-from-hypothesis,no
"The JWT voting lesson issues the access_token JWT in a Set-Cookie header without HttpOnly/SameSite/Secure attributes, exposing the token to script access and cross-site transmission risks.",medium,10.10.0.13,,,,auto-bridged-from-hypothesis,no
"The pulled actuator config artifacts contain embedded endpoint, class, or property names that identify additional reverse-engineering targets or confirm source-level JWT/deserialization sinks for other agents.",critical,10.10.0.13,,,,auto-bridged-from-hypothesis,no
The unauthenticated WebGoat actuator endpoints still expose runtime configuration that may reveal internal services or pivot-relevant hostnames.,medium,10.10.0.13,,,,auto-bridged-from-hypothesis,no
"The pulled Backbone model/controller files disclose concrete WebGoat service endpoint paths that are useful for authenticated testing, while all candidate WAR/JAR/native files in artifact storage are HTML fallbacks and should not be decompiled/fuzzed.",medium,10.10.0.13,,,,auto-bridged-from-hypothesis,no
Public frontend JavaScript contains client-side DOM sinks and storage behaviors that can guide XSS/session testing by other agents.,medium,10.10.0.13,,,,auto-bridged-from-hypothesis,no
"WebWolf still issues an HTTP-only session cookie on port 9090 without Secure/SameSite attributes, leaving any later WebWolf pivot/session primitive exposed to theft or fixation over plaintext HTTP.",medium,10.10.0.13,,,,auto-bridged-from-hypothesis,no
Third-party frontend artifacts pulled from WebGoat include precise library versions and source-map metadata that can be mapped to known client-side CVEs by the web agents.,critical,10.10.0.13,,,,auto-bridged-from-hypothesis,no
"WebWolf's fileUpload.js and public forms likely do not include anti-CSRF tokens or client-side upload restrictions, making the upload surface simpler for authenticated exploit agents to target with multipart file payloads.",medium,10.10.0.13,,,,auto-bridged-from-hypothesis,no
Public WebGoat JavaScript configuration intentionally loads legacy vulnerable libraries (jqueryvuln/jqueryuivuln) that may support DOM-XSS lesson exploitation and should be mapped to exact static paths and versions.,medium,10.10.0.13,,,,auto-bridged-from-hypothesis,no
"JWTVotesEndpoint contains a source-level authorization logic flaw because it uses substring membership (`validUsers.contains(user)`) rather than exact username comparison, so crafted usernames including the empty string or concatenated substrings can receive/retain non-guest voting privileges.",critical,10.10.0.13,,,,auto-bridged-from-hypothesis,no
Unauthenticated Spring Boot Actuator Metadata Exposure Enables Dependency and Host Topology Disclosure,medium,OWASP WebGoat 2025.3 / Spring Boot Actuator on Apache Tomcat:8080,Restrict actuator endpoints to authenticated administrators or an internal management network and disable env/configprops exposure.,,5.3,"T1082, T1590.004, T1552.002",no
A default or successfully registered low-privilege WebGoat account is needed before the SSRF lesson can be evaluated as a localhost pivot oracle; without it every SSRF request is a login redirect.,high,10.10.0.13,,,,auto-bridged-from-hypothesis,no
"The registration POST may complete server-side even when the client read times out, so catching the timeout and then logging in can yield a valid session for JWT verification.",medium,10.10.0.13,,,,auto-bridged-from-hypothesis,no
"The WebGoat low-privilege account also authenticates to WebWolf, enabling an attacker-controlled file staging primitive on port 9090 for chained SSRF/XSS/JWT/browser-pivot payload hosting.",high,10.10.0.13,,,,auto-bridged-from-hypothesis,no
"The JWT voting lesson source issues `access_token` cookies without setting HttpOnly, Secure, or SameSite attributes, making the lesson token accessible to client script and transferable over plaintext HTTP.",critical,10.10.0.13,,,,auto-bridged-from-hypothesis,no
"WebWolf, the companion auth surface on port 9090, reuses the weak Tomcat/Spring session-cookie configuration and issues JSESSIONID without Secure/SameSite on login or protected file upload flows.",medium,10.10.0.13,,,,auto-bridged-from-hypothesis,no
"WebWolf accepts WebGoat credentials across services, creating a cross-application SSO/trust boundary issue where a low-priv WebGoat account automatically gains WebWolf file/mail/jwt access.",medium,10.10.0.13,,,,auto-bridged-from-hypothesis,no
WebWolf authenticated file upload is a state-changing endpoint without CSRF protection: a logged-in user’s browser can be induced cross-site to upload attacker-chosen content because /WebWolf/fileupload accepts multipart POSTs with no CSRF token and does not reject hostile Origin/Referer.,medium,10.10.0.13,,,,auto-bridged-from-hypothesis,no
Authenticated /WebGoat/JWT/votings/login?user=<candidate> issues a live HS512 JWT that can be verified and re-signed with weak secret `victory`.,medium,10.10.0.13,,,,auto-bridged-from-hypothesis,no
"A JWT voting token re-signed with recovered weak secret `victory` is accepted by the live endpoint, while the same forged payload signed with an incorrect HMAC secret is rejected, giving a deterministic crypto oracle.",medium,10.10.0.13,,,,auto-bridged-from-hypothesis,no
"The same JWT voting endpoint may also accept alg=none unsigned tokens in the access_token cookie, enabling signature-less claim forgery.",medium,10.10.0.13,,,,auto-bridged-from-hypothesis,no
"WebWolf's authenticated file upload feature on 9090 can host attacker-controlled content that WebGoat or other agents can reach, functioning as an internal staging/exfiltration primitive even without raw network pivot ports.",critical,10.10.0.13,,,,auto-bridged-from-hypothesis,no
"Files uploaded to WebWolf are anonymously accessible at predictable /WebWolf/files/{username}/{filename} URLs, making the staging channel usable without maintaining a WebWolf session.",medium,10.10.0.13,,,,auto-bridged-from-hypothesis,no
Pulled WebGoat client-side JavaScript discloses internal routes/API endpoints or weak client-side security controls usable by runtime exploit agents.,medium,10.10.0.13,,,,auto-bridged-from-hypothesis,no
The statically observed vulnerable client libraries are served live from WebGoat and include obsolete jQuery/jQuery UI/jQuery Form versions with known XSS/CVE exposure.,medium,10.10.0.13,,,,auto-bridged-from-hypothesis,no
The WebGoat client renderer contains a reachable DOM-XSS sink because AJAX JSON fields feedback/output are inserted into the page with .html() after only backslash unescaping.,medium,10.10.0.13,,,,auto-bridged-from-hypothesis,no
"Authenticated lesson HTML extraction provides a concrete static endpoint inventory for several sink classes; not all are new vulnerabilities, but they are useful shared attack surface for specialist agents.",medium,10.10.0.13,,,,auto-bridged-from-hypothesis,no
CSRF-unprotected public registration creates attacker-chosen WebGoat accounts,medium,OWASP WebGoat 2025.3 / Spring Boot on Apache Tomcat 10.1.36,Enable CSRF protection and reject foreign-origin POSTs for /WebGoat/register.mvc.,,6.5,"T1185, T1136",no
DOM XSS route-to-.html sink in WebGoat Backbone test route,medium,OWASP WebGoat 2025.3 frontend JavaScript / Backbone on Apache Tomcat:8080,Remove the debug route and replace attacker-influenced `.html()` calls with `.text()` or sanitized HTML via a maintained sanitizer such as DOMPurify.,,6.1,T1189,no
Public WebGoat frontend uses unsafe DOM .html() sinks for server-provided content,medium,OWASP WebGoat 2025.3 frontend JavaScript / Backbone on Apache Tomcat:8080,Use `.text()` for untrusted strings and sanitize any intentionally rich HTML before insertion.,,5.4,T1189,no
Obsolete jQuery 2.1.4 and jQuery UI 1.10.x libraries are publicly served and loaded,low,OWASP WebGoat static JavaScript on Apache Tomcat:8080,Remove intentionally vulnerable dependency aliases and upgrade to maintained jQuery/jQuery UI versions with SRI and dependency scanning.,,3.7,T1190,no
Unauthenticated Spring Boot Actuator env/configprops disclose sensitive configuration keyspace,medium,OWASP WebGoat 2025.3 / Spring Boot Actuator on Apache Tomcat:8080,Expose only required actuator endpoints and require authenticated management access for env/configprops.,,5.3,"T1082, T1552.002",no
Low-privileged user can directly complete/access hidden Missing Function Access Control endpoint,medium,OWASP WebGoat 2025.3 Missing Function Access Control lesson / Spring Boot on Apache Tomcat 10.1.36,"Enforce server-side authorization and lesson-state checks on hidden lesson endpoints, validate required parameters safely, and disable stack traces in HTTP error responses.",,6.5,"T1190, T1078.003",no
Missing function-level access control on hidden menu completion endpoint,medium,OWASP WebGoat 2025.3 Missing Function Access Control lesson / Spring Boot on Apache Tomcat 10.1.36,Add server-side authorization/state checks to /WebGoat/access-control/hidden-menu and do not trust hidden UI state.,,6.5,"T1190, T1078.003",no
WebWolf allows authenticated arbitrary HTML upload served as active text/html,medium,OWASP WebWolf file upload on Apache Tomcat:9090,"Enforce a server-side file type allowlist, store uploads outside the web root, serve uploads as attachments/octet-stream, and require CSRF tokens on upload.",,6.5,"T1105, T1189",no
Authenticated WebGoat SSRF Lesson Performs Server-Side HTTP Fetch to Allowed External Host,medium,OWASP WebGoat 2025.3 SSRF lesson on Apache Tomcat:8080,Disable SSRF lesson endpoints outside training environments and enforce strict scheme/host allowlists with no redirects for any server-side URL fetcher.,,5.4,"T1190, T1090",no
JWT voting lesson accepts admin token forged with weak HS512 secret `victory`,high,OWASP WebGoat 2025.3 JWTVotesEndpoint / Spring Boot on Apache Tomcat 10.1.36,Replace the hard-coded JWT HMAC secret with a high-entropy rotated key and do not authorize admin actions from client-controlled claims.,,8.1,"T1552.002, T1550.001, T1606",no
WebGoat session and JWT cookies lack Secure/SameSite; JWT cookie also lacks HttpOnly,medium,OWASP WebGoat 2025.3 / Spring Boot on Apache Tomcat 10.1.36,"Serve WebGoat over HTTPS and set Secure, HttpOnly, and SameSite=Lax/Strict on session/JWT cookies.",,6.1,"T1539, T1550.004, T1185",no
WebWolf session cookie lacks Secure/SameSite and reuses WebGoat-created credentials,medium,OWASP WebWolf / Spring Security on Apache Tomcat 10.1.36,Serve WebWolf only over HTTPS and set Secure plus SameSite=Lax/Strict on WEBWOLFSESSION.,,6.1,"T1539, T1550.004, T1185",no
Tomcat URL rewriting leaks session identifiers in redirect Location headers,medium,OWASP WebGoat/WebWolf 2025.3 on Apache Tomcat 10.1.36,Disable URL-based session tracking and use cookie-only session tracking with Secure/SameSite flags.,,6.4,"T1539, T1550.004",no
Authenticated WebWolf File Upload Creates Publicly Retrievable Staging URLs,medium,OWASP WebWolf file upload service on Apache Tomcat:9090,"Restrict uploaded file types, store uploads outside the public web root, and enforce authorization checks before file retrieval.",,5.3,"T1105, T1583.006",no
JWT Voting Lesson Accepts HS512 Tokens Signed With Weak HMAC Secret `victory`,medium,OWASP WebGoat 2025.3 JWT Voting Lesson / Spring Boot on Apache Tomcat 10.1.36,Replace the hard-coded weak HMAC key with a randomly generated 512-bit secret from a protected secret store and rotate all issued tokens.,,6.5,"T1550.001, T1606",no
JWT Voting Lesson Accepts Unsigned `alg=none` Admin Tokens,medium,OWASP WebGoat 2025.3 JWT Voting Lesson / Spring Boot on Apache Tomcat 10.1.36,"Reject unsigned JWTs, pin the expected signing algorithm, and always verify signatures before trusting claims.",,6.5,"T1550.001, T1606",no
JWT Refresh Lesson Exposes Hard-Coded Credentials and Issues Bearer/Refresh Tokens,medium,OWASP WebGoat 2025.3 JWT Refresh Lesson / Spring Boot on Apache Tomcat 10.1.36,Remove hard-coded credentials from client JavaScript and bind refresh-token issuance to server-side authenticated principals.,,5.7,"T1552.001, T1528",no
WebWolf JWT Workbench Signs Attacker-Controlled Tokens with User-Supplied Secret,medium,OWASP WebWolf JWT workbench on Apache Tomcat:9090,Remove or restrict the JWT encode/decode workbench outside isolated training environments and never allow arbitrary user-controlled signing secrets for production token contexts.,,5.4,"T1606, T1550.001",no
Unauthenticated Spring Boot Actuator Metadata Exposure,medium,OWASP WebGoat 2025.3 / Spring Boot Actuator on Apache Tomcat 10.1.36,Restrict actuator exposure to health/info only and require authentication/network allowlisting for all management endpoints.,,5.3,"T1082, T1590.004, T1552.002",no
Public Registration CSRF Enables Attacker-Created Accounts,medium,OWASP WebGoat 2025.3 registration flow:8080,Require a server-generated CSRF token for registration and reject cross-origin state-changing requests.,,6.5,"T1189, T1136",no
Servlet URL Rewriting Leaks Session Identifiers in Redirect Locations,medium,OWASP WebGoat / WebWolf on Apache Tomcat 10.1.36,Disable URL-based session tracking and use cookie-only session tracking with secure cookie attributes.,,6.1,"T1539, T1550.004",no
Session and JWT Cookies Missing Secure/SameSite Attributes,medium,OWASP WebGoat / WebWolf cookie configuration:8080,"Set Secure, HttpOnly, and SameSite=Lax/Strict on session and token cookies; serve the application only over HTTPS.",,5.4,"T1539, T1550.004",no
Missing Function-Level Access Control on Hidden Menu Endpoint,medium,OWASP WebGoat 2025.3 Missing Function Access Control lesson:8080,Enforce server-side authorization and workflow state checks for hidden or privileged endpoints.,,6.5,"T1190, T1078.003",no
Weak Hard-Coded JWT HMAC Secret Enables Admin Token Forgery,high,OWASP WebGoat 2025.3 JWT voting lesson:8080,Replace hard-coded JWT secrets with high-entropy managed keys and derive privileges server-side rather than trusting client-supplied admin claims.,,8.1,"T1550.001, T1606",no
Predictable IDOR Exposes Other Users' Profiles,medium,OWASP WebGoat 2025.3 IDOR lesson:8080,Perform object ownership checks for every profile ID and use non-enumerable identifiers where appropriate.,,6.5,"T1190, T1087",no
Server-Side Request Forgery via /SSRF/task2 URL Parameter,medium,OWASP WebGoat 2025.3 SSRF lesson:8080,"Use strict URL allowlisting, block private/link-local/loopback address ranges after DNS resolution, and route outbound requests through a controlled proxy.",,6.8,"T1190, T1090",no
XML External Entity Payload Accepted by XXE Endpoint,medium,OWASP WebGoat 2025.3 XXE lesson:8080,Disable DTDs and external entity resolution in all XML parsers and reject unexpected XML content types.,,6.5,"T1190, T1005",no
WebWolf Allows Public Hosting of Attacker-Controlled HTML/JavaScript,medium,OWASP WebWolf file upload:9090,"Restrict upload types, store files outside the web root, and serve user files with attachment disposition and nosniff.",,6.1,"T1105, T1189",no
Authenticated Error Responses Disclose Full Java Stack Traces,medium,OWASP WebGoat 2025.3 / Spring Boot error handling:8080,Disable stack traces and exception details in production error responses; log details server-side only.,,5.3,"T1082, T1592.002",no
Obsolete jQuery UI 1.10.3 Served to Clients,low,OWASP WebGoat static JavaScript / jQuery UI 1.10.3,Upgrade jQuery UI to the latest supported version and remove mislabeled legacy bundles from the web root.,,3.7,"CVE-2016-7103, CVE-2021-41182, CVE-2021-41183",no
Unauthenticated WebGoat Spring Boot Actuator Metadata Exposure Still Present,medium,OWASP WebGoat 2025.3 / Spring Boot Actuator on Apache Tomcat:8080,Restrict actuator endpoints to authenticated administrators and suppress health details for unauthenticated users.,,5.3,"T1082, T1590.004",no
Unauthenticated Spring Boot Actuator Env Exposure Still Present,medium,OWASP WebGoat 2025.3 / Spring Boot Actuator on Apache Tomcat 10.1.36,"Disable env/configprops actuator exposure or protect all actuator endpoints with authenticated, least-privilege access.",,5.3,"T1082, T1552.002",no
JSESSIONID Leaked in URL-Rewritten Redirect and Missing Secure/SameSite Flags,medium,OWASP WebGoat 2025.3 / Spring Security on Apache Tomcat 10.1.36,"Serve WebGoat only over HTTPS, set Secure/HttpOnly/SameSite on session cookies, and disable URL-based session tracking.",,5.4,"T1539, T1550.004",no
No-CSRF Public Self-Registration Creates Usable WebGoat Accounts,medium,OWASP WebGoat 2025.3 / Spring Security on Apache Tomcat 10.1.36,"Require and validate CSRF tokens on registration POSTs, and consider rate-limiting/account approval for public self-registration.",,6.5,"T1078.003, T1185",no
WebGoat JWT Voting Endpoint Accepts HS512 Tokens Signed With Weak Secret 'victory',medium,OWASP WebGoat 2025.3 JWT voting lesson / Spring Boot on Apache Tomcat 10.1.36,"Use a high-entropy server-side JWT signing key from secret management, rotate existing keys, bind JWT claims to the authenticated principal, and reject client-controlled privilege claims.",,6.5,"T1550.001, T1606",no
WebGoat JWT Voting Endpoint Accepts Unsigned alg=none access_token Cookies,medium,OWASP WebGoat 2025.3 JWT voting lesson / Spring Boot on Apache Tomcat 10.1.36,"Disable alg=none, allowlist only the intended signed algorithm, and never trust JWT privilege claims unless the signature and session binding are verified.",,6.5,"T1550.001, T1606",no
WebGoat JWT Voting Lesson Accepts Forged Admin Tokens via alg=none and Weak HS512 Secret,medium,OWASP WebGoat 2025.3 JWTVotesEndpoint / Spring Boot on Apache Tomcat 10.1.36,"Reject unsigned JWTs, rotate the hard-coded HMAC secret to a strong server-side secret, pin the expected algorithm, and derive admin authorization server-side instead of trusting client claims.",,6.5,"T1550.001, T1606",no
WebWolf Accepts WebGoat Credentials and Issues Weak Session Cookie Flags,medium,OWASP WebWolf / Spring Security on Apache Tomcat 10.1.36,Enforce HTTPS and set Secure and SameSite on WEBWOLFSESSION; review whether WebWolf should share the WebGoat credential store.,,5.4,"T1539, T1550.004",no
WebGoat JWT Voting Accepts Unsigned alg=none Admin Token via Cookie Channel,medium,OWASP WebGoat 2025.3 JWT Lesson / JWTVotesEndpoint on Apache Tomcat:8080,"Reject unsigned JWTs, pin accepted algorithms server-side, validate signatures for all token sources including cookies, and bind JWT claims to the authenticated session.",,6.5,"T1550.001, T1606",no
WebGoat WebWolf Integration Leaks Internal Loopback Service URL,low,OWASP WebGoat / WebWolf integration on Apache Tomcat:8080,Configure WebGoat to redirect only to the public WebWolf origin and avoid exposing internal loopback addresses or username handoff parameters.,,3.7,T1590.002,no
WebGoat Serves Obsolete jQuery 2.1.4 and jQuery UI 1.10.3 Libraries,medium,OWASP WebGoat 2025.3 static JavaScript on Apache Tomcat:8080,Remove intentionally vulnerable aliases from production builds and upgrade jQuery to 3.7.1+ and jQuery UI to 1.13.3+.,,6.1,"CVE-2019-11358, CVE-2020-11022, CVE-2020-11023",no
Reachable DOM XSS Sink in WebGoat Fragment Test Route,medium,OWASP WebGoat 2025.3 Backbone frontend on Apache Tomcat:8080,Replace .html() with .text() or sanitize fragment-derived values with a strict HTML sanitizer before insertion.,,6.1,"T1189, T1059.007",no
Unauthenticated Spring Boot Actuator Env and ConfigProps Disclosure Still Present,medium,OWASP WebGoat 2025.3 Spring Boot Actuator on Apache Tomcat:8080,Restrict actuator endpoints to authenticated administrators and expose only required health probes.,,5.3,"T1082, T1552.002",no
Host Header Injection Controls Absolute Redirect Locations on WebGoat and WebWolf,medium,OWASP WebGoat/WebWolf on Apache Tomcat:8080,Reject unapproved Host headers at the reverse proxy/application boundary and prefer relative redirects or a configured canonical external URL.,,6.1,"T1189, T1557",no
WebWolf File Upload CSRF Creates Files in Victim Account,medium,OWASP WebWolf / Spring Security on Apache Tomcat 10.1.36,Require CSRF tokens on multipart upload endpoints and set SameSite=Lax/Strict on WEBWOLFSESSION cookies.,,6.5,"T1185, T1105",no
WebGoat WebWolf Bridge Leaks Internal Loopback URL and Username in Redirect,low,OWASP WebGoat/WebWolf 2025.3 Cross-Service Integration on Apache Tomcat 10.1.36,Avoid absolute loopback redirects and remove usernames from redirect query parameters; use configured public URLs and server-side identity propagation.,,3.7,"T1082, T1580",no
WebGoat and WebWolf Login CSRF Enables Session Swapping,medium,OWASP WebGoat/WebWolf 2025.3 / Spring Security on Apache Tomcat 10.1.36,Require CSRF tokens on login POSTs and validate Origin/Referer; set SameSite=Lax/Strict on session cookies.,,5.4,"T1185, T1550.004",no
Constrained Server-Side Request Forgery in WebGoat SSRF Lesson Allows Outbound HTTP Fetch,medium,OWASP WebGoat 2025.3 SSRF Lesson on Apache Tomcat:8080,Disable the SSRF lesson in production-like deployments and enforce strict scheme/host allowlists with DNS pinning and no response reflection for any URL-fetching feature.,,5.4,"T1190, T1090",no
WebGoat and WebWolf Logout CSRF Allows Forced Session Termination,low,OWASP WebGoat/WebWolf 2025.3 / Spring Security on Apache Tomcat 10.1.36,Require a valid CSRF token for logout and disable GET-based logout; set SameSite cookies as defense-in-depth.,,3.5,"T1539, T1185",no
Unauthenticated Spring Boot Actuator Environment Exposure,medium,OWASP WebGoat 2025.3 / Spring Boot Actuator on Apache Tomcat 10.1.36,Restrict actuator endpoints to authenticated administrators or bind them to a private management interface.,,5.3,"T1082, T1590.002",no
Unauthenticated Spring Boot Actuator Health Leaks Database and Filesystem Metadata,medium,OWASP WebGoat 2025.3 / Spring Boot Actuator on Apache Tomcat 10.1.36,Disable detailed health output for unauthenticated users and protect actuator health with Spring Security.,,5.3,"T1082, T1590.004",no
Unauthenticated Spring Boot Actuator ConfigProps Exposure,medium,OWASP WebGoat 2025.3 / Spring Boot Actuator on Apache Tomcat 10.1.36,Disable configprops exposure or require administrative authentication for all actuator endpoints.,,5.3,"T1082, T1590.004",no
Unauthenticated Spring Boot Actuator Discovery Index Reveals Management Endpoints,medium,OWASP WebGoat 2025.3 / Spring Boot Actuator on Apache Tomcat 10.1.36,Disable actuator discovery or expose only minimal endpoints to authenticated users.,,5.3,"T1590.002, T1082",no
WebGoat Serves Obsolete jQuery 2.1.4,low,OWASP WebGoat static JavaScript / jQuery 2.1.4,Upgrade jQuery to a currently supported 3.x release and regression-test existing UI code.,,3.7,CVE-2015-9251,no
WebGoat Serves Obsolete jQuery UI 1.10.3,low,OWASP WebGoat static JavaScript / jQuery UI 1.10.3,Upgrade jQuery UI to a fixed 1.13.x release or remove unused UI widgets.,,3.7,"CVE-2016-7103, CVE-2021-41182, CVE-2021-41183",no
WebGoat and WebWolf Session Cookies Missing Secure and SameSite Flags,medium,OWASP WebGoat/WebWolf on Apache Tomcat 10.1.36,"Enable HTTPS, set Secure and SameSite on session cookies, and disable URL-based session tracking.",,5.4,"T1539, T1550.004",no
Public WebGoat Self-Registration Without CSRF Creates Usable Accounts,medium,OWASP WebGoat 2025.3 Authentication/Registration Workflow:8080,Add CSRF protection and anti-automation controls to registration POSTs.,,5.4,"T1136, T1078.003",no
JWT Voting Lesson Accepts HS512 Tokens Signed With Weak Hard-Coded Secret 'victory',medium,OWASP WebGoat 2025.3 JWTVotesEndpoint:8080,Replace the hard-coded JWT HMAC secret with a high-entropy rotated secret and enforce strict claim validation.,,6.5,"T1552.002, T1606, T1550.001",no
JWT Voting Lesson Accepts Forged alg=none Admin Token,medium,OWASP WebGoat 2025.3 JWTVotesEndpoint:8080,Reject unsigned JWTs and enforce an allowlist of expected signing algorithms during JWT decoding.,,6.5,"T1550.001, T1606",no
Missing Function-Level Access Control on Hidden Menu Completion Endpoint,medium,OWASP WebGoat 2025.3 Missing Function Access Control Lesson:8080,Apply server-side authorization checks to hidden/admin functions and do not trust client-supplied hidden menu values.,,6.5,"T1190, T1078.003",no
Authenticated WebGoat Error Responses Disclose Full Java Stack Traces,medium,OWASP WebGoat 2025.3 / Spring Boot on Apache Tomcat 10.1.36,Disable stack traces in HTTP error responses and return generic error messages to clients.,,5.3,T1082,no
WebGoat Login Page Lacks Anti-Framing Protections,low,OWASP WebGoat 2025.3 Web UI:8080,Send X-Frame-Options: DENY or CSP frame-ancestors 'none' on sensitive pages.,,3.1,T1189,no
WebWolf Allows Authenticated Arbitrary HTML File Upload and Direct Serving,medium,OWASP WebWolf File Upload on Apache Tomcat 10.1.36,"Restrict upload content types/extensions, store outside the web root, and serve user uploads as attachments with nosniff.",,6.1,"T1105, T1189",no
WebWolf Uploaded Files Are Public and Cross-User Accessible by Username/Filename,high,OWASP WebWolf / Spring Security on Apache Tomcat 10.1.36,Require authentication and enforce ownership checks before serving uploaded files; avoid exposing usernames and raw filenames as authorization selectors.,,7.5,"T1005, T1213",no
Authenticated WebWolf Error Responses Disclose Full Java/Spring Stack Traces,medium,OWASP WebWolf / Spring Boot on Apache Tomcat 10.1.36,Disable stack traces in HTTP error responses and return generic error bodies for WebWolf errors.,,5.3,T1082,no
WebWolf Uploaded Files Are Public and Cross-User Accessible by Username/Filename,high,OWASP WebWolf / Spring Security on Apache Tomcat 10.1.36,Require authentication and enforce ownership checks before serving uploaded files; avoid exposing usernames and raw filenames as authorization selectors.,,7.5,"T1005, T1213",no
WebGoat and WebWolf Logout CSRF Allows Forced Session Termination,low,OWASP WebGoat/WebWolf 2025.3 / Spring Security on Apache Tomcat 10.1.36,Require a valid CSRF token for logout and disable GET-based logout; set SameSite cookies as defense-in-depth.,,3.5,"T1539, T1185",no
JWT JKU Header Drives Server-Side JWKS Fetch and Leaks Fetch Errors,medium,OWASP WebGoat 2025.3 JWT JKU Lesson on Apache Tomcat:8080,Never fetch JWKS from arbitrary JWT header URLs; pin trusted issuers/JWKS endpoints and return generic validation errors without reflecting fetch exceptions.,,6.5,"T1552.002, T1190",no
JWT JKU Endpoint Enables Authenticated Internal URL Probing via JWKS Error Oracle,high,OWASP WebGoat 2025.3 JWT JKU Lesson on Apache Tomcat:8080,"Disable arbitrary JKU resolution; pin JWKS URLs to trusted issuers, block link-local/loopback/private address resolution, and suppress URL-specific exception messages.",,7.1,"T1190, T1090, T1590.002",no
WebGoat session cookies are still weakly scoped: unauthenticated redirects issue JSESSIONID without Secure/SameSite and leak it in URL-rewritten Location headers.,medium,10.10.0.13,,,,auto-bridged-from-hypothesis,no
"Class: WebGoat JWT alg=none lesson, hypothesis: the /WebGoat/JWT/votings assignment accepts a tampered unsigned JWT via the lesson's POST flow, allowing user/admin claim manipulation without a valid signature.",medium,10.10.0.13,,,,auto-bridged-from-hypothesis,no
The WebGoat registration flow can be submitted cross-site because it lacks a required anti-CSRF token and accepts a simple form POST that creates an account.,medium,10.10.0.13,,,,auto-bridged-from-hypothesis,no
WebWolf authenticated file upload lacks CSRF protection: a cross-origin multipart POST can create a file in the victim's WebWolf account without a token.,medium,10.10.0.13,,,,auto-bridged-from-hypothesis,no
The WebGoat-to-WebWolf integration endpoint leaks internal loopback service URLs and the authenticated username in a redirect Location.,medium,10.10.0.13,,,,auto-bridged-from-hypothesis,no
"WebGoat and WebWolf login forms lack CSRF protections, allowing login CSRF/session swapping into an attacker-controlled account.",medium,10.10.0.13,,,,auto-bridged-from-hypothesis,no
Spring Security OAuth client integration is enabled and initiates a GitHub OAuth flow with state and redirect_uri parameters.,medium,10.10.0.13,,,,auto-bridged-from-hypothesis,no
WebGoat and WebWolf logout endpoints are CSRFable: cross-origin GET/POST can invalidate a victim session without a CSRF token.,medium,10.10.0.13,,,,auto-bridged-from-hypothesis,no
WebWolf file objects are IDOR/publicly accessible by username/filename: unauthenticated and second low-privileged users can retrieve another user's uploaded files via /WebWolf/files/{username}/{filename}.,medium,10.10.0.13,,,,auto-bridged-from-hypothesis,no
WebGoat still exposes unauthenticated auth-adjacent metadata and Spring Boot actuator routes useful for session/auth attack planning.,medium,10.10.0.13,,,,auto-bridged-from-hypothesis,no
Authenticated low-privilege WebGoat session can access the missing-function access-control hidden-menu endpoint using hiddenMenu1/hiddenMenu2 parameter names.,medium,10.10.0.13,,,,auto-bridged-from-hypothesis,no
The JWT voting lesson stores the issued token in an `access_token` cookie; replacing that cookie with an HS512 token signed using weak secret `victory` and admin=true completes the assignment.,medium,10.10.0.13,,,,auto-bridged-from-hypothesis,no
GoatUtils.js contains an additional DOM-based unsafe HTML sink reachable from WebGoat client actions that can render server-controlled or user-controlled text directly via jQuery .html().,medium,10.10.0.13,,,,auto-bridged-from-hypothesis,no
Active Directory and Windows lateral movement tooling is not applicable to the currently exposed target surface.,medium,10.10.0.13,,,,auto-bridged-from-hypothesis,no
WebGoat’s /WebGoat/WebWolf integration route leaks its internal WebWolf base URL and may trust the username query parameter when redirecting to WebWolf.,medium,10.10.0.13,,,,auto-bridged-from-hypothesis,no
WebWolf on port 9090 shares the WebGoat account database and issues WEBWOLFSESSION without Secure/SameSite attributes.,medium,10.10.0.13,,,,auto-bridged-from-hypothesis,no
WebWolf and WebGoat protected method-mismatch routes leak newly issued session identifiers in URL-rewritten Location headers when cookies are not yet established.,medium,10.10.0.13,,,,auto-bridged-from-hypothesis,no
"Tomcat/Spring absolute redirect generation on WebGoat or WebWolf may be Host-header controlled, enabling open-redirect style phishing and possible poisoning of cross-service authentication redirects.",medium,10.10.0.13,,,,auto-bridged-from-hypothesis,no
The WebGoat SSRF lesson is constrained to specific allowlisted exercise URLs and cannot be used as a general internal network pivot to localhost actuator or WebWolf.,high,10.10.0.13,,,,auto-bridged-from-hypothesis,no
The exact JKU/delete form action is present in /JWT.lesson HTML and may differ from the lessonoverview-rendered /WebGoatjku/delete path; extracting all form actions can identify the real endpoint for a final pivot check.,medium,10.10.0.13,,,,auto-bridged-from-hypothesis,no
Exact /WebGoat/JWT/jku/delete may fetch the token header's jku URL before verifying signature; differential errors or WebWolf callbacks can confirm whether it is a pivot-capable URL fetch primitive.,medium,10.10.0.13,,,,auto-bridged-from-hypothesis,no
"The JWT JKU endpoint attempts loopback/WebWolf/metadata URLs too, making it a more flexible internal probe than the SSRF lesson even if it only returns JWKS fetch errors.",high,10.10.0.13,,,,auto-bridged-from-hypothesis,no
The pulled single-file JavaScript artifacts can still be mined via symbol-filtered code_read for sink/endpoint strings even when full-file reading returns only a listing.,medium,10.10.0.13,,,,auto-bridged-from-hypothesis,no
"The WebGoat frontend router and lesson content view consume URL fragments/route parameters and render at least one route parameter into .html(), creating a client-side DOM-XSS primitive useful for browser-side exploit agents.",medium,10.10.0.13,,,,auto-bridged-from-hypothesis,no
"Class: authenticated WebGoat SPA route handler; the client-side hash route #test/:param flows into jQuery .html('test:' + param), enabling DOM XSS for any authenticated user who opens a crafted URL.",medium,10.10.0.13,,,,auto-bridged-from-hypothesis,no
